Workbook

Sheet Runs Overview
A1: Challenge Task
A2: Run ID | C2: 1 | D2: 2 | E2: 3 | F2: 4 | G2: 5 | H2: 6 | I2: 7 | J2: 8 | K2: 9 | L2: 10 | M2: 11 | N2: 12 | O2: 13 | P2: 14 | Q2: 15 | R2: 16 | S2: 17 | T2: 18 | U2: 19 | V2: 20 | W2: 21 | X2: 22 | Y2: 23 | Z2: 24 | AA2: 25 | AB2: 26 | AC2: 27 | AD2: 28 | AE2: 29 | AF2: 30 | AG2: 31 | AH2: 32 | AI2: 33
A3: Group Name | C3: AIINS-11 | D3: CERTH-ITI | E3: CERTH-ITI | F3: CERTH-ITI | G3: CERTH-ITI | H3: CERTH-ITI | I3: CERTH-ITI | J3: CERTH-ITI | K3: CERTH-ITI | L3: CERTH-ITI | M3: CERTH-ITI | N3: FAST-DS | O3: FAST-DS | P3: FAST-DS | Q3: FAST-DS | R3: FAST-DS | S3: FAST-DS | T3: FAST-MS | U3: FAST-MS | V3: FAST-MS | W3: NewsWeavers | X3: NewsWeavers | Y3: NewsWeavers | Z3: NewsWeavers | AA3: TEAM-A++ | AB3: UAmsterdam | AC3: UAmsterdam | AD3: UAmsterdam | AE3: BASELINE | AF3: FAST-MS | AG3: Insight | AH3: Insight | AI3: Insight
A4: Run Name | C4: PD12MTFIDF | D4: Run 10 | E4: Run 1 | F4: Run 2 | G4: Run 3 | H4: Run 4 | I4: Run 5 | J4: Run 6 | K4: Run 7 | L4: Run 8 | M4: Run 9 | N4: QueryForge-RX | O4: QueryForge-VGQE | P4: QueryForge-VGRX | Q4: QueryForge | R4: VisionAnchor-R | S4: VisionAnchor | T4: Basic Retrieval | U4: Hybrid Retrieval | V4: Official Retrieval | W4: Qwen 3B Plan LoRA FLUX | X4: Qwen 3B Plan LoRA SDXL | Y4: Qwen 3B Plan Prompt Zero Shot FLUX | Z4: Qwen 3B Plan Prompt Zero Shot SDXL | AA4: SDXL-CFT | AB4: Flux Black-White Caricature | AC4: Qwen Color Caricature | AD4: Z-Image Caricature | AE4: Original Images | AF4: RealVISXL | AG4: FireRed-Image-Edit-1.1 | AH4: Flux.2 Klein | AI4: Qwen-Image-Edit-2519
A5: Run AVG (GROUPED TEAMS) | C5: =AVERAGE('Survey Results'!E39,'Survey Results'!AM39,'Survey Results'!BU39,'Survey Results'!DC39,'Survey Results'!EK39,'Survey Results'!FS39,'Survey Results'!HA39,'Survey Results'!IF39,'Survey Results'!JK39,'Survey Results'!KP39,'Survey Results'!LU39,'Survey Results'!MZ39,'Survey Results'!OE39,'Survey Results'!PJ39,'Survey Results'!QO39,'Survey Results'!RT39,'Survey Results'!SY39,'Survey Results'!UD39,'Survey Results'!VI39,'Survey Results'!WN39,'Survey Results'!XS39,'Survey Results'!YX39,'Survey Results'!AAC39,'Survey Results'!ABH39,'Survey Results'!ACM39,'Survey Results'!ADR39,'Survey Results'!AEW39,'Survey Results'!AGB39,'Survey Results'!AHG39,'Survey Results'!AIL39,'Survey Results'!AJQ39,'Survey Results'!AKV39,'Survey Results'!AMA39,'Survey Results'!ANF39,'Survey Results'!AOK39) -> 1.6902041 | D5: =AVERAGE('Survey Results'!F39,'Survey Results'!AN39,'Survey Results'!BV39,'Survey Results'!DD39,'Survey Results'!EL39,'Survey Results'!FT39,'Survey Results'!HB39,'Survey Results'!IG39,'Survey Results'!JL39,'Survey Results'!KQ39,'Survey Results'!LV39,'Survey Results'!NA39,'Survey Results'!OF39,'Survey Results'!PK39,'Survey Results'!QP39,'Survey Results'!RU39,'Survey Results'!SZ39,'Survey Results'!UE39,'Survey Results'!VJ39,'Survey Results'!WO39,'Survey Results'!XT39,'Survey Results'!YY39,'Survey Results'!AAD39,'Survey Results'!ABI39,'Survey Results'!ACN39,'Survey Results'!ADS39,'Survey Results'!AEX39,'Survey Results'!AGC39,'Survey Results'!AHH39,'Survey Results'!AIM39,'Survey Results'!AJR39,'Survey Results'!AKW39,'Survey Results'!AMB39,'Survey Results'!ANG39,'Survey Results'!AOL39) -> 3.5089796 | E5: =AVERAGE('Survey Results'!G39,'Survey Results'!AO39,'Survey Results'!BW39,'Survey Results'!DE39,'Survey Results'!EM39,'Survey Results'!FU39,'Survey Results'!HC39,'Survey Results'!IH39,'Survey Results'!JM39,'Survey Results'!KR39,'Survey Results'!LW39,'Survey Results'!NB39,'Survey Results'!OG39,'Survey Results'!PL39,'Survey Results'!QQ39,'Survey Results'!RV39,'Survey Results'!TA39,'Survey Results'!UF39,'Survey Results'!VK39,'Survey Results'!WP39,'Survey Results'!XU39,'Survey Results'!YZ39,'Survey Results'!AAE39,'Survey Results'!ABJ39,'Survey Results'!ACO39,'Survey Results'!ADT39,'Survey Results'!AEY39,'Survey Results'!AGD39,'Survey Results'!AHI39,'Survey Results'!AIN39,'Survey Results'!AJS39,'Survey Results'!AKX39,'Survey Results'!AMC39,'Survey Results'!ANH39,'Survey Results'!AOM39) -> 3.5542857 | F5: =AVERAGE('Survey Results'!H39,'Survey Results'!AP39,'Survey Results'!BX39,'Survey Results'!DF39,'Survey Results'!EN39,'Survey Results'!FV39,'Survey Results'!HD39,'Survey Results'!II39,'Survey Results'!JN39,'Survey Results'!KS39,'Survey Results'!LX39,'Survey Results'!NC39,'Survey Results'!OH39,'Survey Results'!PM39,'Survey Results'!QR39,'Survey Results'!RW39,'Survey Results'!TB39,'Survey Results'!UG39,'Survey Results'!VL39,'Survey Results'!WQ39,'Survey Results'!XV39,'Survey Results'!ZA39,'Survey Results'!AAF39,'Survey Results'!ABK39,'Survey Results'!ACP39,'Survey Results'!ADU39,'Survey Results'!AEZ39,'Survey Results'!AGE39,'Survey Results'!AHJ39,'Survey Results'!AIO39,'Survey Results'!AJT39,'Survey Results'!AKY39,'Survey Results'!AMD39,'Survey Results'!ANI39,'Survey Results'!AON39) -> 3.615102 | G5: =AVERAGE('Survey Results'!I39,'Survey Results'!AQ39,'Survey Results'!BY39,'Survey Results'!DG39,'Survey Results'!EO39,'Survey Results'!FW39,'Survey Results'!HE39,'Survey Results'!IJ39,'Survey Results'!JO39,'Survey Results'!KT39,'Survey Results'!LY39,'Survey Results'!ND39,'Survey Results'!OI39,'Survey Results'!PN39,'Survey Results'!QS39,'Survey Results'!RX39,'Survey Results'!TC39,'Survey Results'!UH39,'Survey Results'!VM39,'Survey Results'!WR39,'Survey Results'!XW39,'Survey Results'!ZB39,'Survey Results'!AAG39,'Survey Results'!ABL39,'Survey Results'!ACQ39,'Survey Results'!ADV39,'Survey Results'!AFA39,'Survey Results'!AGF39,'Survey Results'!AHK39,'Survey Results'!AIP39,'Survey Results'!AJU39,'Survey Results'!AKZ39,'Survey Results'!AME39,'Survey Results'!ANJ39,'Survey Results'!AOO39) -> 3.4730612 | H5: =AVERAGE('Survey Results'!J39,'Survey Results'!AR39,'Survey Results'!BZ39,'Survey Results'!DH39,'Survey Results'!EP39,'Survey Results'!FX39,'Survey Results'!HF39,'Survey Results'!IK39,'Survey Results'!JP39,'Survey Results'!KU39,'Survey Results'!LZ39,'Survey Results'!NE39,'Survey Results'!OJ39,'Survey Results'!PO39,'Survey Results'!QT39,'Survey Results'!RY39,'Survey Results'!TD39,'Survey Results'!UI39,'Survey Results'!VN39,'Survey Results'!WS39,'Survey Results'!XX39,'Survey Results'!ZC39,'Survey Results'!AAH39,'Survey Results'!ABM39,'Survey Results'!ACR39,'Survey Results'!ADW39,'Survey Results'!AFB39,'Survey Results'!AGG39,'Survey Results'!AHL39,'Survey Results'!AIQ39,'Survey Results'!AJV39,'Survey Results'!ALA39,'Survey Results'!AMF39,'Survey Results'!ANK39,'Survey Results'!AOP39) -> 3.5702041 | I5: =AVERAGE('Survey Results'!K39,'Survey Results'!AS39,'Survey Results'!CA39,'Survey Results'!DI39,'Survey Results'!EQ39,'Survey Results'!FY39,'Survey Results'!HG39,'Survey Results'!IL39,'Survey Results'!JQ39,'Survey Results'!KV39,'Survey Results'!MA39,'Survey Results'!NF39,'Survey Results'!OK39,'Survey Results'!PP39,'Survey Results'!QU39,'Survey Results'!RZ39,'Survey Results'!TE39,'Survey Results'!UJ39,'Survey Results'!VO39,'Survey Results'!WT39,'Survey Results'!XY39,'Survey Results'!ZD39,'Survey Results'!AAI39,'Survey Results'!ABN39,'Survey Results'!ACS39,'Survey Results'!ADX39,'Survey Results'!AFC39,'Survey Results'!AGH39,'Survey Results'!AHM39,'Survey Results'!AIR39,'Survey Results'!AJW39,'Survey Results'!ALB39,'Survey Results'!AMG39,'Survey Results'!ANL39,'Survey Results'!AOQ39) -> 3.5073469 | J5: =AVERAGE('Survey Results'!L39,'Survey Results'!AT39,'Survey Results'!CB39,'Survey Results'!DJ39,'Survey Results'!ER39,'Survey Results'!FZ39,'Survey Results'!HH39,'Survey Results'!IM39,'Survey Results'!JR39,'Survey Results'!KW39,'Survey Results'!MB39,'Survey Results'!NG39,'Survey Results'!OL39,'Survey Results'!PQ39,'Survey Results'!QV39,'Survey Results'!SA39,'Survey Results'!TF39,'Survey Results'!UK39,'Survey Results'!VP39,'Survey Results'!WU39,'Survey Results'!XZ39,'Survey Results'!ZE39,'Survey Results'!AAJ39,'Survey Results'!ABO39,'Survey Results'!ACT39,'Survey Results'!ADY39,'Survey Results'!AFD39,'Survey Results'!AGI39,'Survey Results'!AHN39,'Survey Results'!AIS39,'Survey Results'!AJX39,'Survey Results'!ALC39,'Survey Results'!AMH39,'Survey Results'!ANM39,'Survey Results'!AOR39) -> 3.6926531 | ... AF5: =AVERAGE('Survey Results'!AH39,'Survey Results'!BP39,'Survey Results'!CX39,'Survey Results'!EF39,'Survey Results'!FN39,'Survey Results'!GV39,'Survey Results'!ID39,'Survey Results'!JI39,'Survey Results'!KN39,'Survey Results'!LS39,'Survey Results'!MX39,'Survey Results'!OC39,'Survey Results'!PH39,'Survey Results'!QM39,'Survey Results'!RR39,'Survey Results'!SW39,'Survey Results'!UB39,'Survey Results'!VG39,'Survey Results'!WL39,'Survey Results'!XQ39,'Survey Results'!YV39,'Survey Results'!AAA39,'Survey Results'!ABF39,'Survey Results'!ACK39,'Survey Results'!ADP39,'Survey Results'!AEU39,'Survey Results'!AFZ39,'Survey Results'!AHE39,'Survey Results'!AIJ39,'Survey Results'!AJO39,'Survey Results'!AKT39,'Survey Results'!ALY39,'Survey Results'!AND39,'Survey Results'!AOI39,'Survey Results'!APN39) -> 3.3289796 | AG5: =AVERAGE('Survey Results'!AI38,'Survey Results'!BQ38,'Survey Results'!CY38,'Survey Results'!EG38,'Survey Results'!FO38,'Survey Results'!GW38) -> 3.2583333 | AH5: =AVERAGE('Survey Results'!AJ38,'Survey Results'!BR38,'Survey Results'!CZ38,'Survey Results'!EH38,'Survey Results'!FP38,'Survey Results'!GX38) -> 3.2708333 | AI5: =AVERAGE('Survey Results'!AK38,'Survey Results'!BS38,'Survey Results'!DA38,'Survey Results'!EI38,'Survey Results'!FQ38,'Survey Results'!GY38) -> 3.2958333
A6: Run AVG (GROUPED TEAMS AND GROUPED PROLIFIC) | C6: =AVERAGE('Survey Results'!E73,'Survey Results'!AM73,'Survey Results'!BU73,'Survey Results'!DC73,'Survey Results'!EK73,'Survey Results'!FS73,'Survey Results'!HA73,'Survey Results'!IF73,'Survey Results'!JK73,'Survey Results'!KP73,'Survey Results'!LU73,'Survey Results'!MZ73,'Survey Results'!OE73,'Survey Results'!PJ73,'Survey Results'!QO73,'Survey Results'!RT73,'Survey Results'!SY73,'Survey Results'!UD73,'Survey Results'!VI73,'Survey Results'!WN73,'Survey Results'!XS73,'Survey Results'!YX73,'Survey Results'!AAC73,'Survey Results'!ABH73,'Survey Results'!ACM73,'Survey Results'!ADR73,'Survey Results'!AEW73,'Survey Results'!AGB73,'Survey Results'!AHG73,'Survey Results'!AIL73,'Survey Results'!AJQ73,'Survey Results'!AKV73,'Survey Results'!AMA73,'Survey Results'!ANF73,'Survey Results'!AOK73) -> 1.6696088 | D6: =AVERAGE('Survey Results'!F73,'Survey Results'!AN73,'Survey Results'!BV73,'Survey Results'!DD73,'Survey Results'!EL73,'Survey Results'!FT73,'Survey Results'!HB73,'Survey Results'!IG73,'Survey Results'!JL73,'Survey Results'!KQ73,'Survey Results'!LV73,'Survey Results'!NA73,'Survey Results'!OF73,'Survey Results'!PK73,'Survey Results'!QP73,'Survey Results'!RU73,'Survey Results'!SZ73,'Survey Results'!UE73,'Survey Results'!VJ73,'Survey Results'!WO73,'Survey Results'!XT73,'Survey Results'!YY73,'Survey Results'!AAD73,'Survey Results'!ABI73,'Survey Results'!ACN73,'Survey Results'!ADS73,'Survey Results'!AEX73,'Survey Results'!AGC73,'Survey Results'!AHH73,'Survey Results'!AIM73,'Survey Results'!AJR73,'Survey Results'!AKW73,'Survey Results'!AMB73,'Survey Results'!ANG73,'Survey Results'!AOL73) -> 3.4663946 | E6: =AVERAGE('Survey Results'!G73,'Survey Results'!AO73,'Survey Results'!BW73,'Survey Results'!DE73,'Survey Results'!EM73,'Survey Results'!FU73,'Survey Results'!HC73,'Survey Results'!IH73,'Survey Results'!JM73,'Survey Results'!KR73,'Survey Results'!LW73,'Survey Results'!NB73,'Survey Results'!OG73,'Survey Results'!PL73,'Survey Results'!QQ73,'Survey Results'!RV73,'Survey Results'!TA73,'Survey Results'!UF73,'Survey Results'!VK73,'Survey Results'!WP73,'Survey Results'!XU73,'Survey Results'!YZ73,'Survey Results'!AAE73,'Survey Results'!ABJ73,'Survey Results'!ACO73,'Survey Results'!ADT73,'Survey Results'!AEY73,'Survey Results'!AGD73,'Survey Results'!AHI73,'Survey Results'!AIN73,'Survey Results'!AJS73,'Survey Results'!AKX73,'Survey Results'!AMC73,'Survey Results'!ANH73,'Survey Results'!AOM73) -> 3.5209524 | F6: =AVERAGE('Survey Results'!H73,'Survey Results'!AP73,'Survey Results'!BX73,'Survey Results'!DF73,'Survey Results'!EN73,'Survey Results'!FV73,'Survey Results'!HD73,'Survey Results'!II73,'Survey Results'!JN73,'Survey Results'!KS73,'Survey Results'!LX73,'Survey Results'!NC73,'Survey Results'!OH73,'Survey Results'!PM73,'Survey Results'!QR73,'Survey Results'!RW73,'Survey Results'!TB73,'Survey Results'!UG73,'Survey Results'!VL73,'Survey Results'!WQ73,'Survey Results'!XV73,'Survey Results'!ZA73,'Survey Results'!AAF73,'Survey Results'!ABK73,'Survey Results'!ACP73,'Survey Results'!ADU73,'Survey Results'!AEZ73,'Survey Results'!AGE73,'Survey Results'!AHJ73,'Survey Results'!AIO73,'Survey Results'!AJT73,'Survey Results'!AKY73,'Survey Results'!AMD73,'Survey Results'!ANI73,'Survey Results'!AON73) -> 3.5883844 | G6: =AVERAGE('Survey Results'!I73,'Survey Results'!AQ73,'Survey Results'!BY73,'Survey Results'!DG73,'Survey Results'!EO73,'Survey Results'!FW73,'Survey Results'!HE73,'Survey Results'!IJ73,'Survey Results'!JO73,'Survey Results'!KT73,'Survey Results'!LY73,'Survey Results'!ND73,'Survey Results'!OI73,'Survey Results'!PN73,'Survey Results'!QS73,'Survey Results'!RX73,'Survey Results'!TC73,'Survey Results'!UH73,'Survey Results'!VM73,'Survey Results'!WR73,'Survey Results'!XW73,'Survey Results'!ZB73,'Survey Results'!AAG73,'Survey Results'!ABL73,'Survey Results'!ACQ73,'Survey Results'!ADV73,'Survey Results'!AFA73,'Survey Results'!AGF73,'Survey Results'!AHK73,'Survey Results'!AIP73,'Survey Results'!AJU73,'Survey Results'!AKZ73,'Survey Results'!AME73,'Survey Results'!ANJ73,'Survey Results'!AOO73) -> 3.4433673 | H6: =AVERAGE('Survey Results'!J73,'Survey Results'!AR73,'Survey Results'!BZ73,'Survey Results'!DH73,'Survey Results'!EP73,'Survey Results'!FX73,'Survey Results'!HF73,'Survey Results'!IK73,'Survey Results'!JP73,'Survey Results'!KU73,'Survey Results'!LZ73,'Survey Results'!NE73,'Survey Results'!OJ73,'Survey Results'!PO73,'Survey Results'!QT73,'Survey Results'!RY73,'Survey Results'!TD73,'Survey Results'!UI73,'Survey Results'!VN73,'Survey Results'!WS73,'Survey Results'!XX73,'Survey Results'!ZC73,'Survey Results'!AAH73,'Survey Results'!ABM73,'Survey Results'!ACR73,'Survey Results'!ADW73,'Survey Results'!AFB73,'Survey Results'!AGG73,'Survey Results'!AHL73,'Survey Results'!AIQ73,'Survey Results'!AJV73,'Survey Results'!ALA73,'Survey Results'!AMF73,'Survey Results'!ANK73,'Survey Results'!AOP73) -> 3.5338605 | I6: =AVERAGE('Survey Results'!K73,'Survey Results'!AS73,'Survey Results'!CA73,'Survey Results'!DI73,'Survey Results'!EQ73,'Survey Results'!FY73,'Survey Results'!HG73,'Survey Results'!IL73,'Survey Results'!JQ73,'Survey Results'!KV73,'Survey Results'!MA73,'Survey Results'!NF73,'Survey Results'!OK73,'Survey Results'!PP73,'Survey Results'!QU73,'Survey Results'!RZ73,'Survey Results'!TE73,'Survey Results'!UJ73,'Survey Results'!VO73,'Survey Results'!WT73,'Survey Results'!XY73,'Survey Results'!ZD73,'Survey Results'!AAI73,'Survey Results'!ABN73,'Survey Results'!ACS73,'Survey Results'!ADX73,'Survey Results'!AFC73,'Survey Results'!AGH73,'Survey Results'!AHM73,'Survey Results'!AIR73,'Survey Results'!AJW73,'Survey Results'!ALB73,'Survey Results'!AMG73,'Survey Results'!ANL73,'Survey Results'!AOQ73) -> 3.4730782 | J6: =AVERAGE('Survey Results'!L73,'Survey Results'!AT73,'Survey Results'!CB73,'Survey Results'!DJ73,'Survey Results'!ER73,'Survey Results'!FZ73,'Survey Results'!HH73,'Survey Results'!IM73,'Survey Results'!JR73,'Survey Results'!KW73,'Survey Results'!MB73,'Survey Results'!NG73,'Survey Results'!OL73,'Survey Results'!PQ73,'Survey Results'!QV73,'Survey Results'!SA73,'Survey Results'!TF73,'Survey Results'!UK73,'Survey Results'!VP73,'Survey Results'!WU73,'Survey Results'!XZ73,'Survey Results'!ZE73,'Survey Results'!AAJ73,'Survey Results'!ABO73,'Survey Results'!ACT73,'Survey Results'!ADY73,'Survey Results'!AFD73,'Survey Results'!AGI73,'Survey Results'!AHN73,'Survey Results'!AIS73,'Survey Results'!AJX73,'Survey Results'!ALC73,'Survey Results'!AMH73,'Survey Results'!ANM73,'Survey Results'!AOR73) -> 3.672398 | ... AF6: =AVERAGE('Survey Results'!AH73,'Survey Results'!BP73,'Survey Results'!CX73,'Survey Results'!EF73,'Survey Results'!FN73,'Survey Results'!GV73,'Survey Results'!ID73,'Survey Results'!JI73,'Survey Results'!KN73,'Survey Results'!LS73,'Survey Results'!MX73,'Survey Results'!OC73,'Survey Results'!PH73,'Survey Results'!QM73,'Survey Results'!RR73,'Survey Results'!SW73,'Survey Results'!UB73,'Survey Results'!VG73,'Survey Results'!WL73,'Survey Results'!XQ73,'Survey Results'!YV73,'Survey Results'!AAA73,'Survey Results'!ABF73,'Survey Results'!ACK73,'Survey Results'!ADP73,'Survey Results'!AEU73,'Survey Results'!AFZ73,'Survey Results'!AHE73,'Survey Results'!AIJ73,'Survey Results'!AJO73,'Survey Results'!AKT73,'Survey Results'!ALY73,'Survey Results'!AND73,'Survey Results'!AOI73,'Survey Results'!APN73) -> 3.2951701 | AG6: =AVERAGE('Survey Results'!AI73,'Survey Results'!BQ73,'Survey Results'!CY73,'Survey Results'!EG73,'Survey Results'!FO73,'Survey Results'!GW73) -> 3.2020282 | AH6: =AVERAGE('Survey Results'!AJ73,'Survey Results'!BR73,'Survey Results'!CZ73,'Survey Results'!EH73,'Survey Results'!FP73,'Survey Results'!GX73) -> 3.1984127 | AI6: =AVERAGE('Survey Results'!AK73,'Survey Results'!BS73,'Survey Results'!DA73,'Survey Results'!EI73,'Survey Results'!FQ73,'Survey Results'!GY73) -> 3.2415344
A7: Run AVG (GROUPED TEAMS AND INDIVIDUAL PROLIFIC) | C7: =AVERAGE('Survey Results'!E74,'Survey Results'!AM74,'Survey Results'!BU74,'Survey Results'!DC74,'Survey Results'!EK74,'Survey Results'!FS74,'Survey Results'!HA74,'Survey Results'!IF74,'Survey Results'!JK74,'Survey Results'!KP74,'Survey Results'!LU74,'Survey Results'!MZ74,'Survey Results'!OE74,'Survey Results'!PJ74,'Survey Results'!QO74,'Survey Results'!RT74,'Survey Results'!SY74,'Survey Results'!UD74,'Survey Results'!VI74,'Survey Results'!WN74,'Survey Results'!XS74,'Survey Results'!YX74,'Survey Results'!AAC74,'Survey Results'!ABH74,'Survey Results'!ACM74,'Survey Results'!ADR74,'Survey Results'!AEW74,'Survey Results'!AGB74,'Survey Results'!AHG74,'Survey Results'!AIL74,'Survey Results'!AJQ74,'Survey Results'!AKV74,'Survey Results'!AMA74,'Survey Results'!ANF74,'Survey Results'!AOK74) -> 1.6136656 | D7: =AVERAGE('Survey Results'!F74,'Survey Results'!AN74,'Survey Results'!BV74,'Survey Results'!DD74,'Survey Results'!EL74,'Survey Results'!FT74,'Survey Results'!HB74,'Survey Results'!IG74,'Survey Results'!JL74,'Survey Results'!KQ74,'Survey Results'!LV74,'Survey Results'!NA74,'Survey Results'!OF74,'Survey Results'!PK74,'Survey Results'!QP74,'Survey Results'!RU74,'Survey Results'!SZ74,'Survey Results'!UE74,'Survey Results'!VJ74,'Survey Results'!WO74,'Survey Results'!XT74,'Survey Results'!YY74,'Survey Results'!AAD74,'Survey Results'!ABI74,'Survey Results'!ACN74,'Survey Results'!ADS74,'Survey Results'!AEX74,'Survey Results'!AGC74,'Survey Results'!AHH74,'Survey Results'!AIM74,'Survey Results'!AJR74,'Survey Results'!AKW74,'Survey Results'!AMB74,'Survey Results'!ANG74,'Survey Results'!AOL74) -> 3.3496677 | E7: =AVERAGE('Survey Results'!G74,'Survey Results'!AO74,'Survey Results'!BW74,'Survey Results'!DE74,'Survey Results'!EM74,'Survey Results'!FU74,'Survey Results'!HC74,'Survey Results'!IH74,'Survey Results'!JM74,'Survey Results'!KR74,'Survey Results'!LW74,'Survey Results'!NB74,'Survey Results'!OG74,'Survey Results'!PL74,'Survey Results'!QQ74,'Survey Results'!RV74,'Survey Results'!TA74,'Survey Results'!UF74,'Survey Results'!VK74,'Survey Results'!WP74,'Survey Results'!XU74,'Survey Results'!YZ74,'Survey Results'!AAE74,'Survey Results'!ABJ74,'Survey Results'!ACO74,'Survey Results'!ADT74,'Survey Results'!AEY74,'Survey Results'!AGD74,'Survey Results'!AHI74,'Survey Results'!AIN74,'Survey Results'!AJS74,'Survey Results'!AKX74,'Survey Results'!AMC74,'Survey Results'!ANH74,'Survey Results'!AOM74) -> 3.4293328 | F7: =AVERAGE('Survey Results'!H74,'Survey Results'!AP74,'Survey Results'!BX74,'Survey Results'!DF74,'Survey Results'!EN74,'Survey Results'!FV74,'Survey Results'!HD74,'Survey Results'!II74,'Survey Results'!JN74,'Survey Results'!KS74,'Survey Results'!LX74,'Survey Results'!NC74,'Survey Results'!OH74,'Survey Results'!PM74,'Survey Results'!QR74,'Survey Results'!RW74,'Survey Results'!TB74,'Survey Results'!UG74,'Survey Results'!VL74,'Survey Results'!WQ74,'Survey Results'!XV74,'Survey Results'!ZA74,'Survey Results'!AAF74,'Survey Results'!ABK74,'Survey Results'!ACP74,'Survey Results'!ADU74,'Survey Results'!AEZ74,'Survey Results'!AGE74,'Survey Results'!AHJ74,'Survey Results'!AIO74,'Survey Results'!AJT74,'Survey Results'!AKY74,'Survey Results'!AMD74,'Survey Results'!ANI74,'Survey Results'!AON74) -> 3.5165437 | G7: =AVERAGE('Survey Results'!I74,'Survey Results'!AQ74,'Survey Results'!BY74,'Survey Results'!DG74,'Survey Results'!EO74,'Survey Results'!FW74,'Survey Results'!HE74,'Survey Results'!IJ74,'Survey Results'!JO74,'Survey Results'!KT74,'Survey Results'!LY74,'Survey Results'!ND74,'Survey Results'!OI74,'Survey Results'!PN74,'Survey Results'!QS74,'Survey Results'!RX74,'Survey Results'!TC74,'Survey Results'!UH74,'Survey Results'!VM74,'Survey Results'!WR74,'Survey Results'!XW74,'Survey Results'!ZB74,'Survey Results'!AAG74,'Survey Results'!ABL74,'Survey Results'!ACQ74,'Survey Results'!ADV74,'Survey Results'!AFA74,'Survey Results'!AGF74,'Survey Results'!AHK74,'Survey Results'!AIP74,'Survey Results'!AJU74,'Survey Results'!AKZ74,'Survey Results'!AME74,'Survey Results'!ANJ74,'Survey Results'!AOO74) -> 3.3624464 | H7: =AVERAGE('Survey Results'!J74,'Survey Results'!AR74,'Survey Results'!BZ74,'Survey Results'!DH74,'Survey Results'!EP74,'Survey Results'!FX74,'Survey Results'!HF74,'Survey Results'!IK74,'Survey Results'!JP74,'Survey Results'!KU74,'Survey Results'!LZ74,'Survey Results'!NE74,'Survey Results'!OJ74,'Survey Results'!PO74,'Survey Results'!QT74,'Survey Results'!RY74,'Survey Results'!TD74,'Survey Results'!UI74,'Survey Results'!VN74,'Survey Results'!WS74,'Survey Results'!XX74,'Survey Results'!ZC74,'Survey Results'!AAH74,'Survey Results'!ABM74,'Survey Results'!ACR74,'Survey Results'!ADW74,'Survey Results'!AFB74,'Survey Results'!AGG74,'Survey Results'!AHL74,'Survey Results'!AIQ74,'Survey Results'!AJV74,'Survey Results'!ALA74,'Survey Results'!AMF74,'Survey Results'!ANK74,'Survey Results'!AOP74) -> 3.4311722 | I7: =AVERAGE('Survey Results'!K74,'Survey Results'!AS74,'Survey Results'!CA74,'Survey Results'!DI74,'Survey Results'!EQ74,'Survey Results'!FY74,'Survey Results'!HG74,'Survey Results'!IL74,'Survey Results'!JQ74,'Survey Results'!KV74,'Survey Results'!MA74,'Survey Results'!NF74,'Survey Results'!OK74,'Survey Results'!PP74,'Survey Results'!QU74,'Survey Results'!RZ74,'Survey Results'!TE74,'Survey Results'!UJ74,'Survey Results'!VO74,'Survey Results'!WT74,'Survey Results'!XY74,'Survey Results'!ZD74,'Survey Results'!AAI74,'Survey Results'!ABN74,'Survey Results'!ACS74,'Survey Results'!ADX74,'Survey Results'!AFC74,'Survey Results'!AGH74,'Survey Results'!AHM74,'Survey Results'!AIR74,'Survey Results'!AJW74,'Survey Results'!ALB74,'Survey Results'!AMG74,'Survey Results'!ANL74,'Survey Results'!AOQ74) -> 3.3794113 | J7: =AVERAGE('Survey Results'!L74,'Survey Results'!AT74,'Survey Results'!CB74,'Survey Results'!DJ74,'Survey Results'!ER74,'Survey Results'!FZ74,'Survey Results'!HH74,'Survey Results'!IM74,'Survey Results'!JR74,'Survey Results'!KW74,'Survey Results'!MB74,'Survey Results'!NG74,'Survey Results'!OL74,'Survey Results'!PQ74,'Survey Results'!QV74,'Survey Results'!SA74,'Survey Results'!TF74,'Survey Results'!UK74,'Survey Results'!VP74,'Survey Results'!WU74,'Survey Results'!XZ74,'Survey Results'!ZE74,'Survey Results'!AAJ74,'Survey Results'!ABO74,'Survey Results'!ACT74,'Survey Results'!ADY74,'Survey Results'!AFD74,'Survey Results'!AGI74,'Survey Results'!AHN74,'Survey Results'!AIS74,'Survey Results'!AJX74,'Survey Results'!ALC74,'Survey Results'!AMH74,'Survey Results'!ANM74,'Survey Results'!AOR74) -> 3.6158111 | ... AF7: =AVERAGE('Survey Results'!AH74,'Survey Results'!BP74,'Survey Results'!CX74,'Survey Results'!EF74,'Survey Results'!FN74,'Survey Results'!GV74,'Survey Results'!ID74,'Survey Results'!JI74,'Survey Results'!KN74,'Survey Results'!LS74,'Survey Results'!MX74,'Survey Results'!OC74,'Survey Results'!PH74,'Survey Results'!QM74,'Survey Results'!RR74,'Survey Results'!SW74,'Survey Results'!UB74,'Survey Results'!VG74,'Survey Results'!WL74,'Survey Results'!XQ74,'Survey Results'!YV74,'Survey Results'!AAA74,'Survey Results'!ABF74,'Survey Results'!ACK74,'Survey Results'!ADP74,'Survey Results'!AEU74,'Survey Results'!AFZ74,'Survey Results'!AHE74,'Survey Results'!AIJ74,'Survey Results'!AJO74,'Survey Results'!AKT74,'Survey Results'!ALY74,'Survey Results'!AND74,'Survey Results'!AOI74,'Survey Results'!APN74) -> 3.2093354 | AG7: =AVERAGE('Survey Results'!AI74,'Survey Results'!BQ74,'Survey Results'!CY74,'Survey Results'!EG74,'Survey Results'!FO74,'Survey Results'!GW74) -> 3.0435226 | AH7: =AVERAGE('Survey Results'!AJ74,'Survey Results'!BR74,'Survey Results'!CZ74,'Survey Results'!EH74,'Survey Results'!FP74,'Survey Results'!GX74) -> 2.9897436 | AI7: =AVERAGE('Survey Results'!AK74,'Survey Results'!BS74,'Survey Results'!DA74,'Survey Results'!EI74,'Survey Results'!FQ74,'Survey Results'!GY74) -> 3.0850733
A8: DELTA | C8: =C5-C7 -> 0.076538462 | D8: =D5-D7 -> 0.15931188 | E8: =E5-E7 -> 0.1249529 | F8: =F5-F7 -> 0.098558346 | G8: =G5-G7 -> 0.11061486 | H8: =H5-H7 -> 0.13903192 | I8: =I5-I7 -> 0.12793564 | J8: =J5-J7 -> 0.076841968 | ... AI8: =AI5-AI7 -> 0.21076007
A10: Rank | B10: Group | C10: Run | D10: Score
A11: #1 | B11: CERTH-ITI | C11: Run 6 | D11: 3.6158111
A12: #2 | B12: FAST-MS | C12: RealVisXL | D12: 3.2093354
A13: #3 | B13: TEAM-A++ | C13: SDXL-CFT | D13: 3.0414103
A14: #4 | B14: NewsWeavers | C14: Qwen 3B Plan Prompt Zero Shot FLUX | D14: 2.9065725
B15: Baseline | C15: Originals | D15: 2.8797823
A16: #5 | B16: FAST-DS | C16: VisionAnchor | D16: 2.3900131
A17: #6 | B17: AIINS-11 | C17: PD12MTFIDF | D17: 1.6136656
A18: Groupes rankes by the score of their best run submission.

Sheet Survey Results
A1: Group Name | E1: AIINS-1 | F1: CERTH-ITI | G1: CERTH-ITI | H1: CERTH-ITI | I1: CERTH-ITI | J1: CERTH-ITI | K1: CERTH-ITI | L1: CERTH-ITI | M1: CERTH-ITI | N1: CERTH-ITI | O1: CERTH-ITI | P1: FAST-DS | Q1: FAST-DS | R1: FAST-DS | S1: FAST-DS | T1: FAST-DS | U1: FAST-DS | V1: FAST-MS | W1: FAST-MS | X1: FAST-MS | Y1: NewsWeavers | Z1: NewsWeavers | AA1: NewsWeavers | AB1: NewsWeavers | AC1: TEAM-A++ | AD1: UAmsterdam | AE1: UAmsterdam | AF1: UAmsterdam | AG1: BASELINE | AH1: FAST-MS | AI1: Insight | AJ1: Insight | AK1: Insight | AM1: AIINS-1 | AN1: CERTH-ITI | AO1: CERTH-ITI | AP1: CERTH-ITI | AQ1: CERTH-ITI | AR1: CERTH-ITI | AS1: CERTH-ITI | AT1: CERTH-ITI | AU1: CERTH-ITI | AV1: CERTH-ITI | AW1: CERTH-ITI | AX1: FAST-DS | AY1: FAST-DS | AZ1: FAST-DS | BA1: FAST-DS | BB1: FAST-DS | BC1: FAST-DS | BD1: FAST-MS | BE1: FAST-MS | BF1: FAST-MS | BG1: NewsWeavers | BH1: NewsWeavers | BI1: NewsWeavers | BJ1: NewsWeavers | BK1: TEAM-A++ | BL1: UAmsterdam | BM1: UAmsterdam | BN1: UAmsterdam | BO1: BASELINE | BP1: FAST-MS | BQ1: Insight | BR1: Insight | BS1: Insight | BU1: AIINS-1 | BV1: CERTH-ITI | BW1: CERTH-ITI | BX1: CERTH-ITI | BY1: CERTH-ITI | BZ1: CERTH-ITI | CA1: CERTH-ITI | CB1: CERTH-ITI | CC1: CERTH-ITI | CD1: CERTH-ITI | CE1: CERTH-ITI | CF1: FAST-DS | CG1: FAST-DS | CH1: FAST-DS | CI1: FAST-DS | CJ1: FAST-DS | CK1: FAST-DS | CL1: FAST-MS | CM1: FAST-MS | CN1: FAST-MS | CO1: NewsWeavers | CP1: NewsWeavers | CQ1: NewsWeavers | CR1: NewsWeavers | CS1: TEAM-A++ | CT1: UAmsterdam | CU1: UAmsterdam | CV1: UAmsterdam | CW1: BASELINE | CX1: FAST-MS | CY1: Insight | CZ1: Insight | DA1: Insight | DC1: AIINS-1 | DD1: CERTH-ITI | DE1: CERTH-ITI | DF1: CERTH-ITI | DG1: CERTH-ITI | DH1: CERTH-ITI | DI1: CERTH-ITI | DJ1: CERTH-ITI | DK1: CERTH-ITI | DL1: CERTH-ITI | DM1: CERTH-ITI | DN1: FAST-DS | DO1: FAST-DS | DP1: FAST-DS | DQ1: FAST-DS | DR1: FAST-DS | DS1: FAST-DS | DT1: FAST-MS | DU1: FAST-MS | DV1: FAST-MS | DW1: NewsWeavers | DX1: NewsWeavers | DY1: NewsWeavers | DZ1: NewsWeavers | EA1: TEAM-A++ | EB1: UAmsterdam | EC1: UAmsterdam | ED1: UAmsterdam | EE1: BASELINE | EF1: FAST-MS | EG1: Insight | EH1: Insight | EI1: Insight | EK1: AIINS-1 | EL1: CERTH-ITI | EM1: CERTH-ITI | EN1: CERTH-ITI | EO1: CERTH-ITI | EP1: CERTH-ITI | EQ1: CERTH-ITI | ER1: CERTH-ITI | ES1: CERTH-ITI | ET1: CERTH-ITI | EU1: CERTH-ITI | EV1: FAST-DS | EW1: FAST-DS | EX1: FAST-DS | EY1: FAST-DS | EZ1: FAST-DS | FA1: FAST-DS | FB1: FAST-MS | FC1: FAST-MS | FD1: FAST-MS | FE1: NewsWeavers | FF1: NewsWeavers | FG1: NewsWeavers | FH1: NewsWeavers | FI1: TEAM-A++ | FJ1: UAmsterdam | FK1: UAmsterdam | FL1: UAmsterdam | FM1: BASELINE | FN1: FAST-MS | FO1: Insight | FP1: Insight | FQ1: Insight | FS1: AIINS-1 | FT1: CERTH-ITI | FU1: CERTH-ITI | FV1: CERTH-ITI | FW1: CERTH-ITI | FX1: CERTH-ITI | FY1: CERTH-ITI | FZ1: CERTH-ITI | GA1: CERTH-ITI | GB1: CERTH-ITI | GC1: CERTH-ITI | GD1: FAST-DS | GE1: FAST-DS | GF1: FAST-DS | GG1: FAST-DS | GH1: FAST-DS | GI1: FAST-DS | GJ1: FAST-MS | GK1: FAST-MS | GL1: FAST-MS | GM1: NewsWeavers | GN1: NewsWeavers | GO1: NewsWeavers | GP1: NewsWeavers | GQ1: TEAM-A++ | GR1: UAmsterdam | GS1: UAmsterdam | GT1: UAmsterdam | GU1: BASELINE | GV1: FAST-MS | GW1: Insight | GX1: Insight | GY1: Insight | HA1: AIINS-1 | HB1: CERTH-ITI | HC1: CERTH-ITI | HD1: CERTH-ITI | HE1: CERTH-ITI | HF1: CERTH-ITI | HG1: CERTH-ITI | HH1: CERTH-ITI | HI1: CERTH-ITI | HJ1: CERTH-ITI | HK1: CERTH-ITI | HL1: FAST-DS | HM1: FAST-DS | HN1: FAST-DS | HO1: FAST-DS | HP1: FAST-DS | HQ1: FAST-DS | HR1: FAST-MS | HS1: FAST-MS | HT1: FAST-MS | HU1: NewsWeavers | HV1: NewsWeavers | HW1: NewsWeavers | HX1: NewsWeavers | HY1: TEAM-A++ | HZ1: UAmsterdam | IA1: UAmsterdam | IB1: UAmsterdam | IC1: BASELINE | ID1: FAST-MS | IF1: AIINS-1 | IG1: CERTH-ITI | IH1: CERTH-ITI | II1: CERTH-ITI | IJ1: CERTH-ITI | IK1: CERTH-ITI | IL1: CERTH-ITI | IM1: CERTH-ITI | IN1: CERTH-ITI | IO1: CERTH-ITI | IP1: CERTH-ITI | IQ1: FAST-DS | IR1: FAST-DS | IS1: FAST-DS | IT1: FAST-DS | IU1: FAST-DS | IV1: FAST-DS | IW1: FAST-MS | IX1: FAST-MS | IY1: FAST-MS | IZ1: NewsWeavers | JA1: NewsWeavers | JB1: NewsWeavers | JC1: NewsWeavers | JD1: TEAM-A++ | JE1: UAmsterdam | JF1: UAmsterdam | JG1: UAmsterdam | JH1: BASELINE | JI1: FAST-MS | JK1: AIINS-1 | JL1: CERTH-ITI | JM1: CERTH-ITI | JN1: CERTH-ITI | JO1: CERTH-ITI | JP1: CERTH-ITI | JQ1: CERTH-ITI | JR1: CERTH-ITI | JS1: CERTH-ITI | JT1: CERTH-ITI | JU1: CERTH-ITI | JV1: FAST-DS | JW1: FAST-DS | JX1: FAST-DS | JY1: FAST-DS | JZ1: FAST-DS | KA1: FAST-DS | KB1: FAST-MS | KC1: FAST-MS | KD1: FAST-MS | KE1: NewsWeavers | KF1: NewsWeavers | KG1: NewsWeavers | KH1: NewsWeavers | KI1: TEAM-A++ | KJ1: UAmsterdam | KK1: UAmsterdam | KL1: UAmsterdam | KM1: BASELINE | KN1: FAST-MS | KP1: AIINS-1 | KQ1: CERTH-ITI | KR1: CERTH-ITI | KS1: CERTH-ITI | KT1: CERTH-ITI | KU1: CERTH-ITI | KV1: CERTH-ITI | KW1: CERTH-ITI | KX1: CERTH-ITI | KY1: CERTH-ITI | KZ1: CERTH-ITI | LA1: FAST-DS | LB1: FAST-DS | LC1: FAST-DS | LD1: FAST-DS | LE1: FAST-DS | LF1: FAST-DS | LG1: FAST-MS | LH1: FAST-MS | LI1: FAST-MS | LJ1: NewsWeavers | LK1: NewsWeavers | LL1: NewsWeavers | LM1: NewsWeavers | LN1: TEAM-A++ | LO1: UAmsterdam | LP1: UAmsterdam | LQ1: UAmsterdam | LR1: BASELINE | LS1: FAST-MS | LU1: AIINS-1 | LV1: CERTH-ITI | LW1: CERTH-ITI | LX1: CERTH-ITI | LY1: CERTH-ITI | LZ1: CERTH-ITI | MA1: CERTH-ITI | MB1: CERTH-ITI | MC1: CERTH-ITI | MD1: CERTH-ITI | ME1: CERTH-ITI | MF1: FAST-DS | MG1: FAST-DS | MH1: FAST-DS | MI1: FAST-DS | MJ1: FAST-DS | MK1: FAST-DS | ML1: FAST-MS | MM1: FAST-MS | MN1: FAST-MS | MO1: NewsWeavers | MP1: NewsWeavers | MQ1: NewsWeavers | MR1: NewsWeavers | MS1: TEAM-A++ | MT1: UAmsterdam | MU1: UAmsterdam | MV1: UAmsterdam | MW1: BASELINE | MX1: FAST-MS | MZ1: AIINS-1 | NA1: CERTH-ITI | NB1: CERTH-ITI | NC1: CERTH-ITI | ND1: CERTH-ITI | NE1: CERTH-ITI | NF1: CERTH-ITI | NG1: CERTH-ITI | NH1: CERTH-ITI | NI1: CERTH-ITI | NJ1: CERTH-ITI | NK1: FAST-DS | NL1: FAST-DS | NM1: FAST-DS | NN1: FAST-DS | NO1: FAST-DS | NP1: FAST-DS | NQ1: FAST-MS | NR1: FAST-MS | NS1: FAST-MS | NT1: NewsWeavers | NU1: NewsWeavers | NV1: NewsWeavers | NW1: NewsWeavers | NX1: TEAM-A++ | NY1: UAmsterdam | NZ1: UAmsterdam | OA1: UAmsterdam | OB1: BASELINE | OC1: FAST-MS | OE1: AIINS-1 | OF1: CERTH-ITI | OG1: CERTH-ITI | OH1: CERTH-ITI | OI1: CERTH-ITI | OJ1: CERTH-ITI | OK1: CERTH-ITI | OL1: CERTH-ITI | OM1: CERTH-ITI | ON1: CERTH-ITI | OO1: CERTH-ITI | OP1: FAST-DS | OQ1: FAST-DS | OR1: FAST-DS | OS1: FAST-DS | OT1: FAST-DS | OU1: FAST-DS | OV1: FAST-MS | OW1: FAST-MS | OX1: FAST-MS | OY1: NewsWeavers | OZ1: NewsWeavers | PA1: NewsWeavers | PB1: NewsWeavers | PC1: TEAM-A++ | PD1: UAmsterdam | PE1: UAmsterdam | PF1: UAmsterdam | PG1: BASELINE | PH1: FAST-MS | PJ1: AIINS-1 | PK1: CERTH-ITI | PL1: CERTH-ITI | PM1: CERTH-ITI | PN1: CERTH-ITI | PO1: CERTH-ITI | PP1: CERTH-ITI | PQ1: CERTH-ITI | PR1: CERTH-ITI | PS1: CERTH-ITI | PT1: CERTH-ITI | PU1: FAST-DS | PV1: FAST-DS | PW1: FAST-DS | PX1: FAST-DS | PY1: FAST-DS | PZ1: FAST-DS | QA1: FAST-MS | QB1: FAST-MS | QC1: FAST-MS | QD1: NewsWeavers | QE1: NewsWeavers | QF1: NewsWeavers | QG1: NewsWeavers | QH1: TEAM-A++ | QI1: UAmsterdam | QJ1: UAmsterdam | QK1: UAmsterdam | QL1: BASELINE | QM1: FAST-MS | QO1: AIINS-1 | QP1: CERTH-ITI | QQ1: CERTH-ITI | QR1: CERTH-ITI | QS1: CERTH-ITI | QT1: CERTH-ITI | QU1: CERTH-ITI | QV1: CERTH-ITI | QW1: CERTH-ITI | QX1: CERTH-ITI | QY1: CERTH-ITI | QZ1: FAST-DS | RA1: FAST-DS | RB1: FAST-DS | RC1: FAST-DS | RD1: FAST-DS | RE1: FAST-DS | RF1: FAST-MS | RG1: FAST-MS | RH1: FAST-MS | RI1: NewsWeavers | RJ1: NewsWeavers | RK1: NewsWeavers | RL1: NewsWeavers | RM1: TEAM-A++ | RN1: UAmsterdam | RO1: UAmsterdam | RP1: UAmsterdam | RQ1: BASELINE | RR1: FAST-MS | RT1: AIINS-1 | RU1: CERTH-ITI | RV1: CERTH-ITI | RW1: CERTH-ITI | RX1: CERTH-ITI | RY1: CERTH-ITI | RZ1: CERTH-ITI | SA1: CERTH-ITI | SB1: CERTH-ITI | SC1: CERTH-ITI | SD1: CERTH-ITI | SE1: FAST-DS | SF1: FAST-DS | SG1: FAST-DS | SH1: FAST-DS | SI1: FAST-DS | SJ1: FAST-DS | SK1: FAST-MS | SL1: FAST-MS | SM1: FAST-MS | SN1: NewsWeavers | SO1: NewsWeavers | SP1: NewsWeavers | SQ1: NewsWeavers | SR1: TEAM-A++ | SS1: UAmsterdam | ST1: UAmsterdam | SU1: UAmsterdam | SV1: BASELINE | SW1: FAST-MS | SY1: AIINS-1 | SZ1: CERTH-ITI | TA1: CERTH-ITI | TB1: CERTH-ITI | TC1: CERTH-ITI | TD1: CERTH-ITI | TE1: CERTH-ITI | TF1: CERTH-ITI | TG1: CERTH-ITI | TH1: CERTH-ITI | TI1: CERTH-ITI | TJ1: FAST-DS | TK1: FAST-DS | TL1: FAST-DS | TM1: FAST-DS | TN1: FAST-DS | TO1: FAST-DS | TP1: FAST-MS | TQ1: FAST-MS | TR1: FAST-MS | TS1: NewsWeavers | TT1: NewsWeavers | TU1: NewsWeavers | TV1: NewsWeavers | TW1: TEAM-A++ | TX1: UAmsterdam | TY1: UAmsterdam | TZ1: UAmsterdam | UA1: BASELINE | UB1: FAST-MS | UD1: AIINS-1 | UE1: CERTH-ITI | UF1: CERTH-ITI | UG1: CERTH-ITI | UH1: CERTH-ITI | UI1: CERTH-ITI | UJ1: CERTH-ITI | UK1: CERTH-ITI | UL1: CERTH-ITI | UM1: CERTH-ITI | UN1: CERTH-ITI | UO1: FAST-DS | UP1: FAST-DS | UQ1: FAST-DS | UR1: FAST-DS | US1: FAST-DS | UT1: FAST-DS | UU1: FAST-MS | UV1: FAST-MS | UW1: FAST-MS | UX1: NewsWeavers | UY1: NewsWeavers | UZ1: NewsWeavers | VA1: NewsWeavers | VB1: TEAM-A++ | VC1: UAmsterdam | VD1: UAmsterdam | VE1: UAmsterdam | VF1: BASELINE | VG1: FAST-MS | VI1: AIINS-1 | VJ1: CERTH-ITI | VK1: CERTH-ITI | VL1: CERTH-ITI | VM1: CERTH-ITI | VN1: CERTH-ITI | VO1: CERTH-ITI | VP1: CERTH-ITI | VQ1: CERTH-ITI | VR1: CERTH-ITI | VS1: CERTH-ITI | VT1: FAST-DS | VU1: FAST-DS | VV1: FAST-DS | VW1: FAST-DS | VX1: FAST-DS | VY1: FAST-DS | VZ1: FAST-MS | WA1: FAST-MS | WB1: FAST-MS | WC1: NewsWeavers | WD1: NewsWeavers | WE1: NewsWeavers | WF1: NewsWeavers | WG1: TEAM-A++ | WH1: UAmsterdam | WI1: UAmsterdam | WJ1: UAmsterdam | WK1: BASELINE | WL1: FAST-MS | WN1: AIINS-1 | WO1: CERTH-ITI | WP1: CERTH-ITI | WQ1: CERTH-ITI | WR1: CERTH-ITI | WS1: CERTH-ITI | WT1: CERTH-ITI | WU1: CERTH-ITI | WV1: CERTH-ITI | WW1: CERTH-ITI | WX1: CERTH-ITI | WY1: FAST-DS | WZ1: FAST-DS | XA1: FAST-DS | XB1: FAST-DS | XC1: FAST-DS | XD1: FAST-DS | XE1: FAST-MS | XF1: FAST-MS | XG1: FAST-MS | XH1: NewsWeavers | XI1: NewsWeavers | XJ1: NewsWeavers | XK1: NewsWeavers | XL1: TEAM-A++ | XM1: UAmsterdam | XN1: UAmsterdam | XO1: UAmsterdam | XP1: BASELINE | XQ1: FAST-MS | XS1: AIINS-1 | XT1: CERTH-ITI | XU1: CERTH-ITI | XV1: CERTH-ITI | XW1: CERTH-ITI | XX1: CERTH-ITI | XY1: CERTH-ITI | XZ1: CERTH-ITI | YA1: CERTH-ITI | YB1: CERTH-ITI | YC1: CERTH-ITI | YD1: FAST-DS | YE1: FAST-DS | YF1: FAST-DS | YG1: FAST-DS | YH1: FAST-DS | YI1: FAST-DS | YJ1: FAST-MS | YK1: FAST-MS | YL1: FAST-MS | YM1: NewsWeavers | YN1: NewsWeavers | YO1: NewsWeavers | YP1: NewsWeavers | YQ1: TEAM-A++ | YR1: UAmsterdam | YS1: UAmsterdam | YT1: UAmsterdam | YU1: BASELINE | YV1: FAST-MS | YX1: AIINS-1 | YY1: CERTH-ITI | YZ1: CERTH-ITI | ZA1: CERTH-ITI | ZB1: CERTH-ITI | ZC1: CERTH-ITI | ZD1: CERTH-ITI | ZE1: CERTH-ITI | ZF1: CERTH-ITI | ZG1: CERTH-ITI | ZH1: CERTH-ITI | ZI1: FAST-DS | ZJ1: FAST-DS | ZK1: FAST-DS | ZL1: FAST-DS | ZM1: FAST-DS | ZN1: FAST-DS | ZO1: FAST-MS | ZP1: FAST-MS | ZQ1: FAST-MS | ZR1: NewsWeavers | ZS1: NewsWeavers | ZT1: NewsWeavers | ZU1: NewsWeavers | ZV1: TEAM-A++ | ZW1: UAmsterdam | ZX1: UAmsterdam | ZY1: UAmsterdam | ZZ1: BASELINE | AAA1: FAST-MS | AAC1: AIINS-1 | AAD1: CERTH-ITI | AAE1: CERTH-ITI | AAF1: CERTH-ITI | AAG1: CERTH-ITI | AAH1: CERTH-ITI | AAI1: CERTH-ITI | AAJ1: CERTH-ITI | AAK1: CERTH-ITI | AAL1: CERTH-ITI | AAM1: CERTH-ITI | AAN1: FAST-DS | AAO1: FAST-DS | AAP1: FAST-DS | AAQ1: FAST-DS | AAR1: FAST-DS | AAS1: FAST-DS | AAT1: FAST-MS | AAU1: FAST-MS | AAV1: FAST-MS | AAW1: NewsWeavers | AAX1: NewsWeavers | AAY1: NewsWeavers | AAZ1: NewsWeavers | ABA1: TEAM-A++ | ABB1: UAmsterdam | ABC1: UAmsterdam | ABD1: UAmsterdam | ABE1: BASELINE | ABF1: FAST-MS | ABH1: AIINS-1 | ABI1: CERTH-ITI | ABJ1: CERTH-ITI | ABK1: CERTH-ITI | ABL1: CERTH-ITI | ABM1: CERTH-ITI | ABN1: CERTH-ITI | ABO1: CERTH-ITI | ABP1: CERTH-ITI | ABQ1: CERTH-ITI | ABR1: CERTH-ITI | ABS1: FAST-DS | ABT1: FAST-DS | ABU1: FAST-DS | ABV1: FAST-DS | ABW1: FAST-DS | ABX1: FAST-DS | ABY1: FAST-MS | ABZ1: FAST-MS | ACA1: FAST-MS | ACB1: NewsWeavers | ACC1: NewsWeavers | ACD1: NewsWeavers | ACE1: NewsWeavers | ACF1: TEAM-A++ | ACG1: UAmsterdam | ACH1: UAmsterdam | ACI1: UAmsterdam | ACJ1: BASELINE | ACK1: FAST-MS | ACM1: AIINS-1 | ACN1: CERTH-ITI | ACO1: CERTH-ITI | ACP1: CERTH-ITI | ACQ1: CERTH-ITI | ACR1: CERTH-ITI | ACS1: CERTH-ITI | ACT1: CERTH-ITI | ACU1: CERTH-ITI | ACV1: CERTH-ITI | ACW1: CERTH-ITI | ACX1: FAST-DS | ACY1: FAST-DS | ACZ1: FAST-DS | ADA1: FAST-DS | ADB1: FAST-DS | ADC1: FAST-DS | ADD1: FAST-MS | ADE1: FAST-MS | ADF1: FAST-MS | ADG1: NewsWeavers | ADH1: NewsWeavers | ADI1: NewsWeavers | ADJ1: NewsWeavers | ADK1: TEAM-A++ | ADL1: UAmsterdam | ADM1: UAmsterdam | ADN1: UAmsterdam | ADO1: BASELINE | ADP1: FAST-MS | ADR1: AIINS-1 | ADS1: CERTH-ITI | ADT1: CERTH-ITI | ADU1: CERTH-ITI | ADV1: CERTH-ITI | ADW1: CERTH-ITI | ADX1: CERTH-ITI | ADY1: CERTH-ITI | ADZ1: CERTH-ITI | AEA1: CERTH-ITI | AEB1: CERTH-ITI | AEC1: FAST-DS | AED1: FAST-DS | AEE1: FAST-DS | AEF1: FAST-DS | AEG1: FAST-DS | AEH1: FAST-DS | AEI1: FAST-MS | AEJ1: FAST-MS | AEK1: FAST-MS | AEL1: NewsWeavers | AEM1: NewsWeavers | AEN1: NewsWeavers | AEO1: NewsWeavers | AEP1: TEAM-A++ | AEQ1: UAmsterdam | AER1: UAmsterdam | AES1: UAmsterdam | AET1: BASELINE | AEU1: FAST-MS | AEW1: AIINS-1 | AEX1: CERTH-ITI | AEY1: CERTH-ITI | AEZ1: CERTH-ITI | AFA1: CERTH-ITI | AFB1: CERTH-ITI | AFC1: CERTH-ITI | AFD1: CERTH-ITI | AFE1: CERTH-ITI | AFF1: CERTH-ITI | AFG1: CERTH-ITI | AFH1: FAST-DS | AFI1: FAST-DS | AFJ1: FAST-DS | AFK1: FAST-DS | AFL1: FAST-DS | AFM1: FAST-DS | AFN1: FAST-MS | AFO1: FAST-MS | AFP1: FAST-MS | AFQ1: NewsWeavers | AFR1: NewsWeavers | AFS1: NewsWeavers | AFT1: NewsWeavers | AFU1: TEAM-A++ | AFV1: UAmsterdam | AFW1: UAmsterdam | AFX1: UAmsterdam | AFY1: BASELINE | AFZ1: FAST-MS | AGB1: AIINS-1 | AGC1: CERTH-ITI | AGD1: CERTH-ITI | AGE1: CERTH-ITI | AGF1: CERTH-ITI | AGG1: CERTH-ITI | AGH1: CERTH-ITI | AGI1: CERTH-ITI | AGJ1: CERTH-ITI | AGK1: CERTH-ITI | AGL1: CERTH-ITI | AGM1: FAST-DS | AGN1: FAST-DS | AGO1: FAST-DS | AGP1: FAST-DS | AGQ1: FAST-DS | AGR1: FAST-DS | AGS1: FAST-MS | AGT1: FAST-MS | AGU1: FAST-MS | AGV1: NewsWeavers | AGW1: NewsWeavers | AGX1: NewsWeavers | AGY1: NewsWeavers | AGZ1: TEAM-A++ | AHA1: UAmsterdam | AHB1: UAmsterdam | AHC1: UAmsterdam | AHD1: BASELINE | AHE1: FAST-MS | AHG1: AIINS-1 | AHH1: CERTH-ITI | AHI1: CERTH-ITI | AHJ1: CERTH-ITI | AHK1: CERTH-ITI | AHL1: CERTH-ITI | AHM1: CERTH-ITI | AHN1: CERTH-ITI | AHO1: CERTH-ITI | AHP1: CERTH-ITI | AHQ1: CERTH-ITI | AHR1: FAST-DS | AHS1: FAST-DS | AHT1: FAST-DS | AHU1: FAST-DS | AHV1: FAST-DS | AHW1: FAST-DS | AHX1: FAST-MS | AHY1: FAST-MS | AHZ1: FAST-MS | AIA1: NewsWeavers | AIB1: NewsWeavers | AIC1: NewsWeavers | AID1: NewsWeavers | AIE1: TEAM-A++ | AIF1: UAmsterdam | AIG1: UAmsterdam | AIH1: UAmsterdam | AII1: BASELINE | AIJ1: FAST-MS | AIL1: AIINS-1 | AIM1: CERTH-ITI | AIN1: CERTH-ITI | AIO1: CERTH-ITI | AIP1: CERTH-ITI | AIQ1: CERTH-ITI | AIR1: CERTH-ITI | AIS1: CERTH-ITI | AIT1: CERTH-ITI | AIU1: CERTH-ITI | AIV1: CERTH-ITI | AIW1: FAST-DS | AIX1: FAST-DS | AIY1: FAST-DS | AIZ1: FAST-DS | AJA1: FAST-DS | AJB1: FAST-DS | AJC1: FAST-MS | AJD1: FAST-MS | AJE1: FAST-MS | AJF1: NewsWeavers | AJG1: NewsWeavers | AJH1: NewsWeavers | AJI1: NewsWeavers | AJJ1: TEAM-A++ | AJK1: UAmsterdam | AJL1: UAmsterdam | AJM1: UAmsterdam | AJN1: BASELINE | AJO1: FAST-MS | AJQ1: AIINS-1 | AJR1: CERTH-ITI | AJS1: CERTH-ITI | AJT1: CERTH-ITI | AJU1: CERTH-ITI | AJV1: CERTH-ITI | AJW1: CERTH-ITI | AJX1: CERTH-ITI | AJY1: CERTH-ITI | AJZ1: CERTH-ITI | AKA1: CERTH-ITI | AKB1: FAST-DS | AKC1: FAST-DS | AKD1: FAST-DS | AKE1: FAST-DS | AKF1: FAST-DS | AKG1: FAST-DS | AKH1: FAST-MS | AKI1: FAST-MS | AKJ1: FAST-MS | AKK1: NewsWeavers | AKL1: NewsWeavers | AKM1: NewsWeavers | AKN1: NewsWeavers | AKO1: TEAM-A++ | AKP1: UAmsterdam | AKQ1: UAmsterdam | AKR1: UAmsterdam | AKS1: BASELINE | AKT1: FAST-MS | AKV1: AIINS-1 | AKW1: CERTH-ITI | AKX1: CERTH-ITI | AKY1: CERTH-ITI | AKZ1: CERTH-ITI | ALA1: CERTH-ITI | ALB1: CERTH-ITI | ALC1: CERTH-ITI | ALD1: CERTH-ITI | ALE1: CERTH-ITI | ALF1: CERTH-ITI | ALG1: FAST-DS | ALH1: FAST-DS | ALI1: FAST-DS | ALJ1: FAST-DS | ALK1: FAST-DS | ALL1: FAST-DS | ALM1: FAST-MS | ALN1: FAST-MS | ALO1: FAST-MS | ALP1: NewsWeavers | ALQ1: NewsWeavers | ALR1: NewsWeavers | ALS1: NewsWeavers | ALT1: TEAM-A++ | ALU1: UAmsterdam | ALV1: UAmsterdam | ALW1: UAmsterdam | ALX1: BASELINE | ALY1: FAST-MS | AMA1: AIINS-1 | AMB1: CERTH-ITI | AMC1: CERTH-ITI | AMD1: CERTH-ITI | AME1: CERTH-ITI | AMF1: CERTH-ITI | AMG1: CERTH-ITI | AMH1: CERTH-ITI | AMI1: CERTH-ITI | AMJ1: CERTH-ITI | AMK1: CERTH-ITI | AML1: FAST-DS | AMM1: FAST-DS | AMN1: FAST-DS | AMO1: FAST-DS | AMP1: FAST-DS | AMQ1: FAST-DS | AMR1: FAST-MS | AMS1: FAST-MS | AMT1: FAST-MS | AMU1: NewsWeavers | AMV1: NewsWeavers | AMW1: NewsWeavers | AMX1: NewsWeavers | AMY1: TEAM-A++ | AMZ1: UAmsterdam | ANA1: UAmsterdam | ANB1: UAmsterdam | ANC1: BASELINE | AND1: FAST-MS | ANF1: AIINS-1 | ANG1: CERTH-ITI | ANH1: CERTH-ITI | ANI1: CERTH-ITI | ANJ1: CERTH-ITI | ANK1: CERTH-ITI | ANL1: CERTH-ITI | ANM1: CERTH-ITI | ANN1: CERTH-ITI | ANO1: CERTH-ITI | ANP1: CERTH-ITI | ANQ1: FAST-DS | ANR1: FAST-DS | ANS1: FAST-DS | ANT1: FAST-DS | ANU1: FAST-DS | ANV1: FAST-DS | ANW1: FAST-MS | ANX1: FAST-MS | ANY1: FAST-MS | ANZ1: NewsWeavers | AOA1: NewsWeavers | AOB1: NewsWeavers | AOC1: NewsWeavers | AOD1: TEAM-A++ | AOE1: UAmsterdam | AOF1: UAmsterdam | AOG1: UAmsterdam | AOH1: BASELINE | AOI1: FAST-MS | AOK1: AIINS-1 | AOL1: CERTH-ITI | AOM1: CERTH-ITI | AON1: CERTH-ITI | AOO1: CERTH-ITI | AOP1: CERTH-ITI | AOQ1: CERTH-ITI | AOR1: CERTH-ITI | AOS1: CERTH-ITI | AOT1: CERTH-ITI | AOU1: CERTH-ITI | AOV1: FAST-DS | AOW1: FAST-DS | AOX1: FAST-DS | AOY1: FAST-DS | AOZ1: FAST-DS | APA1: FAST-DS | APB1: FAST-MS | APC1: FAST-MS | APD1: FAST-MS | APE1: NewsWeavers | APF1: NewsWeavers | APG1: NewsWeavers | APH1: NewsWeavers | API1: TEAM-A++ | APJ1: UAmsterdam | APK1: UAmsterdam | APL1: UAmsterdam | APM1: BASELINE | APN1: FAST-MS
A2: Run Name | E2: PD12MTFIDF | F2: Run 10 | G2: Run 1 | H2: Run 2 | I2: Run 3 | J2: Run 4 | K2: Run 5 | L2: Run 6 | M2: Run 7 | N2: Run 8 | O2: Run 9 | P2: QueryForge-RX | Q2: QueryForge-VGQE | R2: QueryForge-VGRX | S2: QueryForge | T2: VisionAnchor-R | U2: VisionAnchor | V2: Basic Retrieval | W2: Hybrid Retrieval | X2: Official Retrieval | Y2: Qwen 3B Plan LoRA FLUX | Z2: Qwen 3B Plan LoRA SDXL | AA2: Qwen 3B Plan Prompt Zero Shot FLUX | AB2: Qwen 3B Plan Prompt Zero Shot SDXL | AC2: SDXL-CFT | AD2: Flux Black-White Caricature | AE2: Qwen Color Caricature | AF2: Z-Image Caricature | AG2: Original Images | AH2: RealVISXL | AI2: FireRed-Image-Edit-1.1 | AJ2: Flux.2 Klein | AK2: Qwen-Image-Edit-2519 | AM2: PD12MTFIDF | AN2: Run 10 | AO2: Run 1 | AP2: Run 2 | AQ2: Run 3 | AR2: Run 4 | AS2: Run 5 | AT2: Run 6 | AU2: Run 7 | AV2: Run 8 | AW2: Run 9 | AX2: QueryForge-RX | AY2: QueryForge-VGQE | AZ2: QueryForge-VGRX | BA2: QueryForge | BB2: VisionAnchor-R | BC2: VisionAnchor | BD2: Basic Retrieval | BE2: Hybrid Retrieval | BF2: Official Retrieval | BG2: Qwen 3B Plan LoRA FLUX | BH2: Qwen 3B Plan LoRA SDXL | BI2: Qwen 3B Plan Prompt Zero Shot FLUX | BJ2: Qwen 3B Plan Prompt Zero Shot SDXL | BK2: SDXL-CFT | BL2: Flux Black-White Caricature | BM2: Qwen Color Caricature | BN2: Z-Image Caricature | BO2: Original Images | BP2: RealVISXL | BQ2: FireRed-Image-Edit-1.2 | BR2: Flux.2 Klein | BS2: Qwen-Image-Edit-2520 | BU2: PD12MTFIDF | BV2: Run 10 | BW2: Run 1 | BX2: Run 2 | BY2: Run 3 | BZ2: Run 4 | CA2: Run 5 | CB2: Run 6 | CC2: Run 7 | CD2: Run 8 | CE2: Run 9 | CF2: QueryForge-RX | CG2: QueryForge-VGQE | CH2: QueryForge-VGRX | CI2: QueryForge | CJ2: VisionAnchor-R | CK2: VisionAnchor | CL2: Basic Retrieval | CM2: Hybrid Retrieval | CN2: Official Retrieval | CO2: Qwen 3B Plan LoRA FLUX | CP2: Qwen 3B Plan LoRA SDXL | CQ2: Qwen 3B Plan Prompt Zero Shot FLUX | CR2: Qwen 3B Plan Prompt Zero Shot SDXL | CS2: SDXL-CFT | CT2: Flux Black-White Caricature | CU2: Qwen Color Caricature | CV2: Z-Image Caricature | CW2: Original Images | CX2: RealVISXL | CY2: FireRed-Image-Edit-1.3 | CZ2: Flux.2 Klein | DA2: Qwen-Image-Edit-2521 | DC2: PD12MTFIDF | DD2: Run 10 | DE2: Run 1 | DF2: Run 2 | DG2: Run 3 | DH2: Run 4 | DI2: Run 5 | DJ2: Run 6 | DK2: Run 7 | DL2: Run 8 | DM2: Run 9 | DN2: QueryForge-RX | DO2: QueryForge-VGQE | DP2: QueryForge-VGRX | DQ2: QueryForge | DR2: VisionAnchor-R | DS2: VisionAnchor | DT2: Basic Retrieval | DU2: Hybrid Retrieval | DV2: Official Retrieval | DW2: Qwen 3B Plan LoRA FLUX | DX2: Qwen 3B Plan LoRA SDXL | DY2: Qwen 3B Plan Prompt Zero Shot FLUX | DZ2: Qwen 3B Plan Prompt Zero Shot SDXL | EA2: SDXL-CFT | EB2: Flux Black-White Caricature | EC2: Qwen Color Caricature | ED2: Z-Image Caricature | EE2: Original Images | EF2: RealVISXL | EG2: FireRed-Image-Edit-1.4 | EH2: Flux.2 Klein | EI2: Qwen-Image-Edit-2522 | EK2: PD12MTFIDF | EL2: Run 10 | EM2: Run 1 | EN2: Run 2 | EO2: Run 3 | EP2: Run 4 | EQ2: Run 5 | ER2: Run 6 | ES2: Run 7 | ET2: Run 8 | EU2: Run 9 | EV2: QueryForge-RX | EW2: QueryForge-VGQE | EX2: QueryForge-VGRX | EY2: QueryForge | EZ2: VisionAnchor-R | FA2: VisionAnchor | FB2: Basic Retrieval | FC2: Hybrid Retrieval | FD2: Official Retrieval | FE2: Qwen 3B Plan LoRA FLUX | FF2: Qwen 3B Plan LoRA SDXL | FG2: Qwen 3B Plan Prompt Zero Shot FLUX | FH2: Qwen 3B Plan Prompt Zero Shot SDXL | FI2: SDXL-CFT | FJ2: Flux Black-White Caricature | FK2: Qwen Color Caricature | FL2: Z-Image Caricature | FM2: Original Images | FN2: RealVISXL | FO2: FireRed-Image-Edit-1.5 | FP2: Flux.2 Klein | FQ2: Qwen-Image-Edit-2523 | FS2: PD12MTFIDF | FT2: Run 10 | FU2: Run 1 | FV2: Run 2 | FW2: Run 3 | FX2: Run 4 | FY2: Run 5 | FZ2: Run 6 | GA2: Run 7 | GB2: Run 8 | GC2: Run 9 | GD2: QueryForge-RX | GE2: QueryForge-VGQE | GF2: QueryForge-VGRX | GG2: QueryForge | GH2: VisionAnchor-R | GI2: VisionAnchor | GJ2: Basic Retrieval | GK2: Hybrid Retrieval | GL2: Official Retrieval | GM2: Qwen 3B Plan LoRA FLUX | GN2: Qwen 3B Plan LoRA SDXL | GO2: Qwen 3B Plan Prompt Zero Shot FLUX | GP2: Qwen 3B Plan Prompt Zero Shot SDXL | GQ2: SDXL-CFT | GR2: Flux Black-White Caricature | GS2: Qwen Color Caricature | GT2: Z-Image Caricature | GU2: Original Images | GV2: RealVISXL | GW2: FireRed-Image-Edit-1.6 | GX2: Flux.2 Klein | GY2: Qwen-Image-Edit-2524 | HA2: PD12MTFIDF | HB2: Run 10 | HC2: Run 1 | HD2: Run 2 | HE2: Run 3 | HF2: Run 4 | HG2: Run 5 | HH2: Run 6 | HI2: Run 7 | HJ2: Run 8 | HK2: Run 9 | HL2: QueryForge-RX | HM2: QueryForge-VGQE | HN2: QueryForge-VGRX | HO2: QueryForge | HP2: VisionAnchor-R | HQ2: VisionAnchor | HR2: Basic Retrieval | HS2: Hybrid Retrieval | HT2: Official Retrieval | HU2: Qwen 3B Plan LoRA FLUX | HV2: Qwen 3B Plan LoRA SDXL | HW2: Qwen 3B Plan Prompt Zero Shot FLUX | HX2: Qwen 3B Plan Prompt Zero Shot SDXL | HY2: SDXL-CFT | HZ2: Flux Black-White Caricature | IA2: Qwen Color Caricature | IB2: Z-Image Caricature | IC2: Original Images | ID2: RealVISXL | IF2: PD12MTFIDF | IG2: Run 10 | IH2: Run 1 | II2: Run 2 | IJ2: Run 3 | IK2: Run 4 | IL2: Run 5 | IM2: Run 6 | IN2: Run 7 | IO2: Run 8 | IP2: Run 9 | IQ2: QueryForge-RX | IR2: QueryForge-VGQE | IS2: QueryForge-VGRX | IT2: QueryForge | IU2: VisionAnchor-R | IV2: VisionAnchor | IW2: Basic Retrieval | IX2: Hybrid Retrieval | IY2: Official Retrieval | IZ2: Qwen 3B Plan LoRA FLUX | JA2: Qwen 3B Plan LoRA SDXL | JB2: Qwen 3B Plan Prompt Zero Shot FLUX | JC2: Qwen 3B Plan Prompt Zero Shot SDXL | JD2: SDXL-CFT | JE2: Flux Black-White Caricature | JF2: Qwen Color Caricature | JG2: Z-Image Caricature | JH2: Original Images | JI2: RealVISXL | JK2: PD12MTFIDF | JL2: Run 10 | JM2: Run 1 | JN2: Run 2 | JO2: Run 3 | JP2: Run 4 | JQ2: Run 5 | JR2: Run 6 | JS2: Run 7 | JT2: Run 8 | JU2: Run 9 | JV2: QueryForge-RX | JW2: QueryForge-VGQE | JX2: QueryForge-VGRX | JY2: QueryForge | JZ2: VisionAnchor-R | KA2: VisionAnchor | KB2: Basic Retrieval | KC2: Hybrid Retrieval | KD2: Official Retrieval | KE2: Qwen 3B Plan LoRA FLUX | KF2: Qwen 3B Plan LoRA SDXL | KG2: Qwen 3B Plan Prompt Zero Shot FLUX | KH2: Qwen 3B Plan Prompt Zero Shot SDXL | KI2: SDXL-CFT | KJ2: Flux Black-White Caricature | KK2: Qwen Color Caricature | KL2: Z-Image Caricature | KM2: Original Images | KN2: RealVISXL | KP2: PD12MTFIDF | KQ2: Run 10 | KR2: Run 1 | KS2: Run 2 | KT2: Run 3 | KU2: Run 4 | KV2: Run 5 | KW2: Run 6 | KX2: Run 7 | KY2: Run 8 | KZ2: Run 9 | LA2: QueryForge-RX | LB2: QueryForge-VGQE | LC2: QueryForge-VGRX | LD2: QueryForge | LE2: VisionAnchor-R | LF2: VisionAnchor | LG2: Basic Retrieval | LH2: Hybrid Retrieval | LI2: Official Retrieval | LJ2: Qwen 3B Plan LoRA FLUX | LK2: Qwen 3B Plan LoRA SDXL | LL2: Qwen 3B Plan Prompt Zero Shot FLUX | LM2: Qwen 3B Plan Prompt Zero Shot SDXL | LN2: SDXL-CFT | LO2: Flux Black-White Caricature | LP2: Qwen Color Caricature | LQ2: Z-Image Caricature | LR2: Original Images | LS2: RealVISXL | LU2: PD12MTFIDF | LV2: Run 10 | LW2: Run 1 | LX2: Run 2 | LY2: Run 3 | LZ2: Run 4 | MA2: Run 5 | MB2: Run 6 | MC2: Run 7 | MD2: Run 8 | ME2: Run 9 | MF2: QueryForge-RX | MG2: QueryForge-VGQE | MH2: QueryForge-VGRX | MI2: QueryForge | MJ2: VisionAnchor-R | MK2: VisionAnchor | ML2: Basic Retrieval | MM2: Hybrid Retrieval | MN2: Official Retrieval | MO2: Qwen 3B Plan LoRA FLUX | MP2: Qwen 3B Plan LoRA SDXL | MQ2: Qwen 3B Plan Prompt Zero Shot FLUX | MR2: Qwen 3B Plan Prompt Zero Shot SDXL | MS2: SDXL-CFT | MT2: Flux Black-White Caricature | MU2: Qwen Color Caricature | MV2: Z-Image Caricature | MW2: Original Images | MX2: RealVISXL | MZ2: PD12MTFIDF | NA2: Run 10 | NB2: Run 1 | NC2: Run 2 | ND2: Run 3 | NE2: Run 4 | NF2: Run 5 | NG2: Run 6 | NH2: Run 7 | NI2: Run 8 | NJ2: Run 9 | NK2: QueryForge-RX | NL2: QueryForge-VGQE | NM2: QueryForge-VGRX | NN2: QueryForge | NO2: VisionAnchor-R | NP2: VisionAnchor | NQ2: Basic Retrieval | NR2: Hybrid Retrieval | NS2: Official Retrieval | NT2: Qwen 3B Plan LoRA FLUX | NU2: Qwen 3B Plan LoRA SDXL | NV2: Qwen 3B Plan Prompt Zero Shot FLUX | NW2: Qwen 3B Plan Prompt Zero Shot SDXL | NX2: SDXL-CFT | NY2: Flux Black-White Caricature | NZ2: Qwen Color Caricature | OA2: Z-Image Caricature | OB2: Original Images | OC2: RealVISXL | OE2: PD12MTFIDF | OF2: Run 10 | OG2: Run 1 | OH2: Run 2 | OI2: Run 3 | OJ2: Run 4 | OK2: Run 5 | OL2: Run 6 | OM2: Run 7 | ON2: Run 8 | OO2: Run 9 | OP2: QueryForge-RX | OQ2: QueryForge-VGQE | OR2: QueryForge-VGRX | OS2: QueryForge | OT2: VisionAnchor-R | OU2: VisionAnchor | OV2: Basic Retrieval | OW2: Hybrid Retrieval | OX2: Official Retrieval | OY2: Qwen 3B Plan LoRA FLUX | OZ2: Qwen 3B Plan LoRA SDXL | PA2: Qwen 3B Plan Prompt Zero Shot FLUX | PB2: Qwen 3B Plan Prompt Zero Shot SDXL | PC2: SDXL-CFT | PD2: Flux Black-White Caricature | PE2: Qwen Color Caricature | PF2: Z-Image Caricature | PG2: Original Images | PH2: RealVISXL | PJ2: PD12MTFIDF | PK2: Run 10 | PL2: Run 1 | PM2: Run 2 | PN2: Run 3 | PO2: Run 4 | PP2: Run 5 | PQ2: Run 6 | PR2: Run 7 | PS2: Run 8 | PT2: Run 9 | PU2: QueryForge-RX | PV2: QueryForge-VGQE | PW2: QueryForge-VGRX | PX2: QueryForge | PY2: VisionAnchor-R | PZ2: VisionAnchor | QA2: Basic Retrieval | QB2: Hybrid Retrieval | QC2: Official Retrieval | QD2: Qwen 3B Plan LoRA FLUX | QE2: Qwen 3B Plan LoRA SDXL | QF2: Qwen 3B Plan Prompt Zero Shot FLUX | QG2: Qwen 3B Plan Prompt Zero Shot SDXL | QH2: SDXL-CFT | QI2: Flux Black-White Caricature | QJ2: Qwen Color Caricature | QK2: Z-Image Caricature | QL2: Original Images | QM2: RealVISXL | QO2: PD12MTFIDF | QP2: Run 10 | QQ2: Run 1 | QR2: Run 2 | QS2: Run 3 | QT2: Run 4 | QU2: Run 5 | QV2: Run 6 | QW2: Run 7 | QX2: Run 8 | QY2: Run 9 | QZ2: QueryForge-RX | RA2: QueryForge-VGQE | RB2: QueryForge-VGRX | RC2: QueryForge | RD2: VisionAnchor-R | RE2: VisionAnchor | RF2: Basic Retrieval | RG2: Hybrid Retrieval | RH2: Official Retrieval | RI2: Qwen 3B Plan LoRA FLUX | RJ2: Qwen 3B Plan LoRA SDXL | RK2: Qwen 3B Plan Prompt Zero Shot FLUX | RL2: Qwen 3B Plan Prompt Zero Shot SDXL | RM2: SDXL-CFT | RN2: Flux Black-White Caricature | RO2: Qwen Color Caricature | RP2: Z-Image Caricature | RQ2: Original Images | RR2: RealVISXL | RT2: PD12MTFIDF | RU2: Run 10 | RV2: Run 1 | RW2: Run 2 | RX2: Run 3 | RY2: Run 4 | RZ2: Run 5 | SA2: Run 6 | SB2: Run 7 | SC2: Run 8 | SD2: Run 9 | SE2: QueryForge-RX | SF2: QueryForge-VGQE | SG2: QueryForge-VGRX | SH2: QueryForge | SI2: VisionAnchor-R | SJ2: VisionAnchor | SK2: Basic Retrieval | SL2: Hybrid Retrieval | SM2: Official Retrieval | SN2: Qwen 3B Plan LoRA FLUX | SO2: Qwen 3B Plan LoRA SDXL | SP2: Qwen 3B Plan Prompt Zero Shot FLUX | SQ2: Qwen 3B Plan Prompt Zero Shot SDXL | SR2: SDXL-CFT | SS2: Flux Black-White Caricature | ST2: Qwen Color Caricature | SU2: Z-Image Caricature | SV2: Original Images | SW2: RealVISXL | SY2: PD12MTFIDF | SZ2: Run 10 | TA2: Run 1 | TB2: Run 2 | TC2: Run 3 | TD2: Run 4 | TE2: Run 5 | TF2: Run 6 | TG2: Run 7 | TH2: Run 8 | TI2: Run 9 | TJ2: QueryForge-RX | TK2: QueryForge-VGQE | TL2: QueryForge-VGRX | TM2: QueryForge | TN2: VisionAnchor-R | TO2: VisionAnchor | TP2: Basic Retrieval | TQ2: Hybrid Retrieval | TR2: Official Retrieval | TS2: Qwen 3B Plan LoRA FLUX | TT2: Qwen 3B Plan LoRA SDXL | TU2: Qwen 3B Plan Prompt Zero Shot FLUX | TV2: Qwen 3B Plan Prompt Zero Shot SDXL | TW2: SDXL-CFT | TX2: Flux Black-White Caricature | TY2: Qwen Color Caricature | TZ2: Z-Image Caricature | UA2: Original Images | UB2: RealVISXL | UD2: PD12MTFIDF | UE2: Run 10 | UF2: Run 1 | UG2: Run 2 | UH2: Run 3 | UI2: Run 4 | UJ2: Run 5 | UK2: Run 6 | UL2: Run 7 | UM2: Run 8 | UN2: Run 9 | UO2: QueryForge-RX | UP2: QueryForge-VGQE | UQ2: QueryForge-VGRX | UR2: QueryForge | US2: VisionAnchor-R | UT2: VisionAnchor | UU2: Basic Retrieval | UV2: Hybrid Retrieval | UW2: Official Retrieval | UX2: Qwen 3B Plan LoRA FLUX | UY2: Qwen 3B Plan LoRA SDXL | UZ2: Qwen 3B Plan Prompt Zero Shot FLUX | VA2: Qwen 3B Plan Prompt Zero Shot SDXL | VB2: SDXL-CFT | VC2: Flux Black-White Caricature | VD2: Qwen Color Caricature | VE2: Z-Image Caricature | VF2: Original Images | VG2: RealVISXL | VI2: PD12MTFIDF | VJ2: Run 10 | VK2: Run 1 | VL2: Run 2 | VM2: Run 3 | VN2: Run 4 | VO2: Run 5 | VP2: Run 6 | VQ2: Run 7 | VR2: Run 8 | VS2: Run 9 | VT2: QueryForge-RX | VU2: QueryForge-VGQE | VV2: QueryForge-VGRX | VW2: QueryForge | VX2: VisionAnchor-R | VY2: VisionAnchor | VZ2: Basic Retrieval | WA2: Hybrid Retrieval | WB2: Official Retrieval | WC2: Qwen 3B Plan LoRA FLUX | WD2: Qwen 3B Plan LoRA SDXL | WE2: Qwen 3B Plan Prompt Zero Shot FLUX | WF2: Qwen 3B Plan Prompt Zero Shot SDXL | WG2: SDXL-CFT | WH2: Flux Black-White Caricature | WI2: Qwen Color Caricature | WJ2: Z-Image Caricature | WK2: Original Images | WL2: RealVISXL | WN2: PD12MTFIDF | WO2: Run 10 | WP2: Run 1 | WQ2: Run 2 | WR2: Run 3 | WS2: Run 4 | WT2: Run 5 | WU2: Run 6 | WV2: Run 7 | WW2: Run 8 | WX2: Run 9 | WY2: QueryForge-RX | WZ2: QueryForge-VGQE | XA2: QueryForge-VGRX | XB2: QueryForge | XC2: VisionAnchor-R | XD2: VisionAnchor | XE2: Basic Retrieval | XF2: Hybrid Retrieval | XG2: Official Retrieval | XH2: Qwen 3B Plan LoRA FLUX | XI2: Qwen 3B Plan LoRA SDXL | XJ2: Qwen 3B Plan Prompt Zero Shot FLUX | XK2: Qwen 3B Plan Prompt Zero Shot SDXL | XL2: SDXL-CFT | XM2: Flux Black-White Caricature | XN2: Qwen Color Caricature | XO2: Z-Image Caricature | XP2: Original Images | XQ2: RealVISXL | XS2: PD12MTFIDF | XT2: Run 10 | XU2: Run 1 | XV2: Run 2 | XW2: Run 3 | XX2: Run 4 | XY2: Run 5 | XZ2: Run 6 | YA2: Run 7 | YB2: Run 8 | YC2: Run 9 | YD2: QueryForge-RX | YE2: QueryForge-VGQE | YF2: QueryForge-VGRX | YG2: QueryForge | YH2: VisionAnchor-R | YI2: VisionAnchor | YJ2: Basic Retrieval | YK2: Hybrid Retrieval | YL2: Official Retrieval | YM2: Qwen 3B Plan LoRA FLUX | YN2: Qwen 3B Plan LoRA SDXL | YO2: Qwen 3B Plan Prompt Zero Shot FLUX | YP2: Qwen 3B Plan Prompt Zero Shot SDXL | YQ2: SDXL-CFT | YR2: Flux Black-White Caricature | YS2: Qwen Color Caricature | YT2: Z-Image Caricature | YU2: Original Images | YV2: RealVISXL | YX2: PD12MTFIDF | YY2: Run 10 | YZ2: Run 1 | ZA2: Run 2 | ZB2: Run 3 | ZC2: Run 4 | ZD2: Run 5 | ZE2: Run 6 | ZF2: Run 7 | ZG2: Run 8 | ZH2: Run 9 | ZI2: QueryForge-RX | ZJ2: QueryForge-VGQE | ZK2: QueryForge-VGRX | ZL2: QueryForge | ZM2: VisionAnchor-R | ZN2: VisionAnchor | ZO2: Basic Retrieval | ZP2: Hybrid Retrieval | ZQ2: Official Retrieval | ZR2: Qwen 3B Plan LoRA FLUX | ZS2: Qwen 3B Plan LoRA SDXL | ZT2: Qwen 3B Plan Prompt Zero Shot FLUX | ZU2: Qwen 3B Plan Prompt Zero Shot SDXL | ZV2: SDXL-CFT | ZW2: Flux Black-White Caricature | ZX2: Qwen Color Caricature | ZY2: Z-Image Caricature | ZZ2: Original Images | AAA2: RealVISXL | AAC2: PD12MTFIDF | AAD2: Run 10 | AAE2: Run 1 | AAF2: Run 2 | AAG2: Run 3 | AAH2: Run 4 | AAI2: Run 5 | AAJ2: Run 6 | AAK2: Run 7 | AAL2: Run 8 | AAM2: Run 9 | AAN2: QueryForge-RX | AAO2: QueryForge-VGQE | AAP2: QueryForge-VGRX | AAQ2: QueryForge | AAR2: VisionAnchor-R | AAS2: VisionAnchor | AAT2: Basic Retrieval | AAU2: Hybrid Retrieval | AAV2: Official Retrieval | AAW2: Qwen 3B Plan LoRA FLUX | AAX2: Qwen 3B Plan LoRA SDXL | AAY2: Qwen 3B Plan Prompt Zero Shot FLUX | AAZ2: Qwen 3B Plan Prompt Zero Shot SDXL | ABA2: SDXL-CFT | ABB2: Flux Black-White Caricature | ABC2: Qwen Color Caricature | ABD2: Z-Image Caricature | ABE2: Original Images | ABF2: RealVISXL | ABH2: PD12MTFIDF | ABI2: Run 10 | ABJ2: Run 1 | ABK2: Run 2 | ABL2: Run 3 | ABM2: Run 4 | ABN2: Run 5 | ABO2: Run 6 | ABP2: Run 7 | ABQ2: Run 8 | ABR2: Run 9 | ABS2: QueryForge-RX | ABT2: QueryForge-VGQE | ABU2: QueryForge-VGRX | ABV2: QueryForge | ABW2: VisionAnchor-R | ABX2: VisionAnchor | ABY2: Basic Retrieval | ABZ2: Hybrid Retrieval | ACA2: Official Retrieval | ACB2: Qwen 3B Plan LoRA FLUX | ACC2: Qwen 3B Plan LoRA SDXL | ACD2: Qwen 3B Plan Prompt Zero Shot FLUX | ACE2: Qwen 3B Plan Prompt Zero Shot SDXL | ACF2: SDXL-CFT | ACG2: Flux Black-White Caricature | ACH2: Qwen Color Caricature | ACI2: Z-Image Caricature | ACJ2: Original Images | ACK2: RealVISXL | ACM2: PD12MTFIDF | ACN2: Run 10 | ACO2: Run 1 | ACP2: Run 2 | ACQ2: Run 3 | ACR2: Run 4 | ACS2: Run 5 | ACT2: Run 6 | ACU2: Run 7 | ACV2: Run 8 | ACW2: Run 9 | ACX2: QueryForge-RX | ACY2: QueryForge-VGQE | ACZ2: QueryForge-VGRX | ADA2: QueryForge | ADB2: VisionAnchor-R | ADC2: VisionAnchor | ADD2: Basic Retrieval | ADE2: Hybrid Retrieval | ADF2: Official Retrieval | ADG2: Qwen 3B Plan LoRA FLUX | ADH2: Qwen 3B Plan LoRA SDXL | ADI2: Qwen 3B Plan Prompt Zero Shot FLUX | ADJ2: Qwen 3B Plan Prompt Zero Shot SDXL | ADK2: SDXL-CFT | ADL2: Flux Black-White Caricature | ADM2: Qwen Color Caricature | ADN2: Z-Image Caricature | ADO2: Original Images | ADP2: RealVISXL | ADR2: PD12MTFIDF | ADS2: Run 10 | ADT2: Run 1 | ADU2: Run 2 | ADV2: Run 3 | ADW2: Run 4 | ADX2: Run 5 | ADY2: Run 6 | ADZ2: Run 7 | AEA2: Run 8 | AEB2: Run 9 | AEC2: QueryForge-RX | AED2: QueryForge-VGQE | AEE2: QueryForge-VGRX | AEF2: QueryForge | AEG2: VisionAnchor-R | AEH2: VisionAnchor | AEI2: Basic Retrieval | AEJ2: Hybrid Retrieval | AEK2: Official Retrieval | AEL2: Qwen 3B Plan LoRA FLUX | AEM2: Qwen 3B Plan LoRA SDXL | AEN2: Qwen 3B Plan Prompt Zero Shot FLUX | AEO2: Qwen 3B Plan Prompt Zero Shot SDXL | AEP2: SDXL-CFT | AEQ2: Flux Black-White Caricature | AER2: Qwen Color Caricature | AES2: Z-Image Caricature | AET2: Original Images | AEU2: RealVISXL | AEW2: PD12MTFIDF | AEX2: Run 10 | AEY2: Run 1 | AEZ2: Run 2 | AFA2: Run 3 | AFB2: Run 4 | AFC2: Run 5 | AFD2: Run 6 | AFE2: Run 7 | AFF2: Run 8 | AFG2: Run 9 | AFH2: QueryForge-RX | AFI2: QueryForge-VGQE | AFJ2: QueryForge-VGRX | AFK2: QueryForge | AFL2: VisionAnchor-R | AFM2: VisionAnchor | AFN2: Basic Retrieval | AFO2: Hybrid Retrieval | AFP2: Official Retrieval | AFQ2: Qwen 3B Plan LoRA FLUX | AFR2: Qwen 3B Plan LoRA SDXL | AFS2: Qwen 3B Plan Prompt Zero Shot FLUX | AFT2: Qwen 3B Plan Prompt Zero Shot SDXL | AFU2: SDXL-CFT | AFV2: Flux Black-White Caricature | AFW2: Qwen Color Caricature | AFX2: Z-Image Caricature | AFY2: Original Images | AFZ2: RealVISXL | AGB2: PD12MTFIDF | AGC2: Run 10 | AGD2: Run 1 | AGE2: Run 2 | AGF2: Run 3 | AGG2: Run 4 | AGH2: Run 5 | AGI2: Run 6 | AGJ2: Run 7 | AGK2: Run 8 | AGL2: Run 9 | AGM2: QueryForge-RX | AGN2: QueryForge-VGQE | AGO2: QueryForge-VGRX | AGP2: QueryForge | AGQ2: VisionAnchor-R | AGR2: VisionAnchor | AGS2: Basic Retrieval | AGT2: Hybrid Retrieval | AGU2: Official Retrieval | AGV2: Qwen 3B Plan LoRA FLUX | AGW2: Qwen 3B Plan LoRA SDXL | AGX2: Qwen 3B Plan Prompt Zero Shot FLUX | AGY2: Qwen 3B Plan Prompt Zero Shot SDXL | AGZ2: SDXL-CFT | AHA2: Flux Black-White Caricature | AHB2: Qwen Color Caricature | AHC2: Z-Image Caricature | AHD2: Original Images | AHE2: RealVISXL | AHG2: PD12MTFIDF | AHH2: Run 10 | AHI2: Run 1 | AHJ2: Run 2 | AHK2: Run 3 | AHL2: Run 4 | AHM2: Run 5 | AHN2: Run 6 | AHO2: Run 7 | AHP2: Run 8 | AHQ2: Run 9 | AHR2: QueryForge-RX | AHS2: QueryForge-VGQE | AHT2: QueryForge-VGRX | AHU2: QueryForge | AHV2: VisionAnchor-R | AHW2: VisionAnchor | AHX2: Basic Retrieval | AHY2: Hybrid Retrieval | AHZ2: Official Retrieval | AIA2: Qwen 3B Plan LoRA FLUX | AIB2: Qwen 3B Plan LoRA SDXL | AIC2: Qwen 3B Plan Prompt Zero Shot FLUX | AID2: Qwen 3B Plan Prompt Zero Shot SDXL | AIE2: SDXL-CFT | AIF2: Flux Black-White Caricature | AIG2: Qwen Color Caricature | AIH2: Z-Image Caricature | AII2: Original Images | AIJ2: RealVISXL | AIL2: PD12MTFIDF | AIM2: Run 10 | AIN2: Run 1 | AIO2: Run 2 | AIP2: Run 3 | AIQ2: Run 4 | AIR2: Run 5 | AIS2: Run 6 | AIT2: Run 7 | AIU2: Run 8 | AIV2: Run 9 | AIW2: QueryForge-RX | AIX2: QueryForge-VGQE | AIY2: QueryForge-VGRX | AIZ2: QueryForge | AJA2: VisionAnchor-R | AJB2: VisionAnchor | AJC2: Basic Retrieval | AJD2: Hybrid Retrieval | AJE2: Official Retrieval | AJF2: Qwen 3B Plan LoRA FLUX | AJG2: Qwen 3B Plan LoRA SDXL | AJH2: Qwen 3B Plan Prompt Zero Shot FLUX | AJI2: Qwen 3B Plan Prompt Zero Shot SDXL | AJJ2: SDXL-CFT | AJK2: Flux Black-White Caricature | AJL2: Qwen Color Caricature | AJM2: Z-Image Caricature | AJN2: Original Images | AJO2: RealVISXL | AJQ2: PD12MTFIDF | AJR2: Run 10 | AJS2: Run 1 | AJT2: Run 2 | AJU2: Run 3 | AJV2: Run 4 | AJW2: Run 5 | AJX2: Run 6 | AJY2: Run 7 | AJZ2: Run 8 | AKA2: Run 9 | AKB2: QueryForge-RX | AKC2: QueryForge-VGQE | AKD2: QueryForge-VGRX | AKE2: QueryForge | AKF2: VisionAnchor-R | AKG2: VisionAnchor | AKH2: Basic Retrieval | AKI2: Hybrid Retrieval | AKJ2: Official Retrieval | AKK2: Qwen 3B Plan LoRA FLUX | AKL2: Qwen 3B Plan LoRA SDXL | AKM2: Qwen 3B Plan Prompt Zero Shot FLUX | AKN2: Qwen 3B Plan Prompt Zero Shot SDXL | AKO2: SDXL-CFT | AKP2: Flux Black-White Caricature | AKQ2: Qwen Color Caricature | AKR2: Z-Image Caricature | AKS2: Original Images | AKT2: RealVISXL | AKV2: PD12MTFIDF | AKW2: Run 10 | AKX2: Run 1 | AKY2: Run 2 | AKZ2: Run 3 | ALA2: Run 4 | ALB2: Run 5 | ALC2: Run 6 | ALD2: Run 7 | ALE2: Run 8 | ALF2: Run 9 | ALG2: QueryForge-RX | ALH2: QueryForge-VGQE | ALI2: QueryForge-VGRX | ALJ2: QueryForge | ALK2: VisionAnchor-R | ALL2: VisionAnchor | ALM2: Basic Retrieval | ALN2: Hybrid Retrieval | ALO2: Official Retrieval | ALP2: Qwen 3B Plan LoRA FLUX | ALQ2: Qwen 3B Plan LoRA SDXL | ALR2: Qwen 3B Plan Prompt Zero Shot FLUX | ALS2: Qwen 3B Plan Prompt Zero Shot SDXL | ALT2: SDXL-CFT | ALU2: Flux Black-White Caricature | ALV2: Qwen Color Caricature | ALW2: Z-Image Caricature | ALX2: Original Images | ALY2: RealVISXL | AMA2: PD12MTFIDF | AMB2: Run 10 | AMC2: Run 1 | AMD2: Run 2 | AME2: Run 3 | AMF2: Run 4 | AMG2: Run 5 | AMH2: Run 6 | AMI2: Run 7 | AMJ2: Run 8 | AMK2: Run 9 | AML2: QueryForge-RX | AMM2: QueryForge-VGQE | AMN2: QueryForge-VGRX | AMO2: QueryForge | AMP2: VisionAnchor-R | AMQ2: VisionAnchor | AMR2: Basic Retrieval | AMS2: Hybrid Retrieval | AMT2: Official Retrieval | AMU2: Qwen 3B Plan LoRA FLUX | AMV2: Qwen 3B Plan LoRA SDXL | AMW2: Qwen 3B Plan Prompt Zero Shot FLUX | AMX2: Qwen 3B Plan Prompt Zero Shot SDXL | AMY2: SDXL-CFT | AMZ2: Flux Black-White Caricature | ANA2: Qwen Color Caricature | ANB2: Z-Image Caricature | ANC2: Original Images | AND2: RealVISXL | ANF2: PD12MTFIDF | ANG2: Run 10 | ANH2: Run 1 | ANI2: Run 2 | ANJ2: Run 3 | ANK2: Run 4 | ANL2: Run 5 | ANM2: Run 6 | ANN2: Run 7 | ANO2: Run 8 | ANP2: Run 9 | ANQ2: QueryForge-RX | ANR2: QueryForge-VGQE | ANS2: QueryForge-VGRX | ANT2: QueryForge | ANU2: VisionAnchor-R | ANV2: VisionAnchor | ANW2: Basic Retrieval | ANX2: Hybrid Retrieval | ANY2: Official Retrieval | ANZ2: Qwen 3B Plan LoRA FLUX | AOA2: Qwen 3B Plan LoRA SDXL | AOB2: Qwen 3B Plan Prompt Zero Shot FLUX | AOC2: Qwen 3B Plan Prompt Zero Shot SDXL | AOD2: SDXL-CFT | AOE2: Flux Black-White Caricature | AOF2: Qwen Color Caricature | AOG2: Z-Image Caricature | AOH2: Original Images | AOI2: RealVISXL | AOK2: PD12MTFIDF | AOL2: Run 10 | AOM2: Run 1 | AON2: Run 2 | AOO2: Run 3 | AOP2: Run 4 | AOQ2: Run 5 | AOR2: Run 6 | AOS2: Run 7 | AOT2: Run 8 | AOU2: Run 9 | AOV2: QueryForge-RX | AOW2: QueryForge-VGQE | AOX2: QueryForge-VGRX | AOY2: QueryForge | AOZ2: VisionAnchor-R | APA2: VisionAnchor | APB2: Basic Retrieval | APC2: Hybrid Retrieval | APD2: Official Retrieval | APE2: Qwen 3B Plan LoRA FLUX | APF2: Qwen 3B Plan LoRA SDXL | APG2: Qwen 3B Plan Prompt Zero Shot FLUX | APH2: Qwen 3B Plan Prompt Zero Shot SDXL | API2: SDXL-CFT | APJ2: Flux Black-White Caricature | APK2: Qwen Color Caricature | APL2: Z-Image Caricature | APM2: Original Images | APN2: RealVISXL
A4: ResponseId | B4: Group | C4: Duration (in seconds) | E4: 8511_1 | F4: 8511_2 | G4: 8511_3 | H4: 8511_4 | I4: 8511_5 | J4: 8511_6 | K4: 8511_7 | L4: 8511_8 | M4: 8511_9 | N4: 8511_10 | O4: 8511_11 | P4: 8511_12 | Q4: 8511_13 | R4: 8511_14 | S4: 8511_15 | T4: 8511_16 | U4: 8511_17 | V4: 8511_18 | W4: 8511_19 | X4: 8511_20 | Y4: 8511_21 | Z4: 8511_22 | AA4: 8511_23 | AB4: 8511_24 | AC4: 8511_25 | AD4: 8511_26 | AE4: 8511_27 | AF4: 8511_28 | AG4: 8511_29 | AH4: 8511_30 | AI4: 8511_31 | AJ4: 8511_32 | AK4: 8511_33 | AM4: 8516_1 | AN4: 8516_2 | AO4: 8516_3 | AP4: 8516_4 | AQ4: 8516_5 | AR4: 8516_6 | AS4: 8516_7 | AT4: 8516_8 | AU4: 8516_9 | AV4: 8516_10 | AW4: 8516_11 | AX4: 8516_12 | AY4: 8516_13 | AZ4: 8516_14 | BA4: 8516_15 | BB4: 8516_16 | BC4: 8516_17 | BD4: 8516_18 | BE4: 8516_19 | BF4: 8516_20 | BG4: 8516_21 | BH4: 8516_22 | BI4: 8516_23 | BJ4: 8516_24 | BK4: 8516_25 | BL4: 8516_26 | BM4: 8516_27 | BN4: 8516_28 | BO4: 8516_29 | BP4: 8516_30 | BQ4: 8516_31 | BR4: 8516_32 | BS4: 8516_33 | BU4: 8519_1 | BV4: 8519_2 | BW4: 8519_3 | BX4: 8519_4 | BY4: 8519_5 | BZ4: 8519_6 | CA4: 8519_7 | CB4: 8519_8 | CC4: 8519_9 | CD4: 8519_10 | CE4: 8519_11 | CF4: 8519_12 | CG4: 8519_13 | CH4: 8519_14 | CI4: 8519_15 | CJ4: 8519_16 | CK4: 8519_17 | CL4: 8519_18 | CM4: 8519_19 | CN4: 8519_20 | CO4: 8519_21 | CP4: 8519_22 | CQ4: 8519_23 | CR4: 8519_24 | CS4: 8519_25 | CT4: 8519_26 | CU4: 8519_27 | CV4: 8519_28 | CW4: 8519_29 | CX4: 8519_30 | CY4: 8519_31 | CZ4: 8519_32 | DA4: 8519_33 | DC4: 8526_1 | DD4: 8526_2 | DE4: 8526_3 | DF4: 8526_4 | DG4: 8526_5 | DH4: 8526_6 | DI4: 8526_7 | DJ4: 8526_8 | DK4: 8526_9 | DL4: 8526_10 | DM4: 8526_11 | DN4: 8526_12 | DO4: 8526_13 | DP4: 8526_14 | DQ4: 8526_15 | DR4: 8526_16 | DS4: 8526_17 | DT4: 8526_18 | DU4: 8526_19 | DV4: 8526_20 | DW4: 8526_21 | DX4: 8526_22 | DY4: 8526_23 | DZ4: 8526_24 | EA4: 8526_25 | EB4: 8526_26 | EC4: 8526_27 | ED4: 8526_28 | EE4: 8526_29 | EF4: 8526_30 | EG4: 8526_31 | EH4: 8526_32 | EI4: 8526_33 | EK4: 8546_1 | EL4: 8546_2 | EM4: 8546_3 | EN4: 8546_4 | EO4: 8546_5 | EP4: 8546_6 | EQ4: 8546_7 | ER4: 8546_8 | ES4: 8546_9 | ET4: 8546_10 | EU4: 8546_11 | EV4: 8546_12 | EW4: 8546_13 | EX4: 8546_14 | EY4: 8546_15 | EZ4: 8546_16 | FA4: 8546_17 | FB4: 8546_18 | FC4: 8546_19 | FD4: 8546_20 | FE4: 8546_21 | FF4: 8546_22 | FG4: 8546_23 | FH4: 8546_24 | FI4: 8546_25 | FJ4: 8546_26 | FK4: 8546_27 | FL4: 8546_28 | FM4: 8546_29 | FN4: 8546_30 | FO4: 8546_31 | FP4: 8546_32 | FQ4: 8546_33 | FS4: 8598_1 | FT4: 8598_2 | FU4: 8598_3 | FV4: 8598_4 | FW4: 8598_5 | FX4: 8598_6 | FY4: 8598_7 | FZ4: 8598_8 | GA4: 8598_9 | GB4: 8598_10 | GC4: 8598_11 | GD4: 8598_12 | GE4: 8598_13 | GF4: 8598_14 | GG4: 8598_15 | GH4: 8598_16 | GI4: 8598_17 | GJ4: 8598_18 | GK4: 8598_19 | GL4: 8598_20 | GM4: 8598_21 | GN4: 8598_22 | GO4: 8598_23 | GP4: 8598_24 | GQ4: 8598_25 | GR4: 8598_26 | GS4: 8598_27 | GT4: 8598_28 | GU4: 8598_29 | GV4: 8598_30 | GW4: 8598_31 | GX4: 8598_32 | GY4: 8598_33 | HA4: 8865_1 | HB4: 8865_2 | HC4: 8865_3 | HD4: 8865_4 | HE4: 8865_5 | HF4: 8865_6 | HG4: 8865_7 | HH4: 8865_8 | HI4: 8865_9 | HJ4: 8865_10 | HK4: 8865_11 | HL4: 8865_12 | HM4: 8865_13 | HN4: 8865_14 | HO4: 8865_15 | HP4: 8865_16 | HQ4: 8865_17 | HR4: 8865_18 | HS4: 8865_19 | HT4: 8865_20 | HU4: 8865_21 | HV4: 8865_22 | HW4: 8865_23 | HX4: 8865_24 | HY4: 8865_25 | HZ4: 8865_26 | IA4: 8865_27 | IB4: 8865_28 | IC4: 8865_29 | ID4: 8865_30 | IF4: 9181_1 | IG4: 9181_2 | IH4: 9181_3 | II4: 9181_4 | IJ4: 9181_5 | IK4: 9181_6 | IL4: 9181_7 | IM4: 9181_8 | IN4: 9181_9 | IO4: 9181_10 | IP4: 9181_11 | IQ4: 9181_12 | IR4: 9181_13 | IS4: 9181_14 | IT4: 9181_15 | IU4: 9181_16 | IV4: 9181_17 | IW4: 9181_18 | IX4: 9181_19 | IY4: 9181_20 | IZ4: 9181_21 | JA4: 9181_22 | JB4: 9181_23 | JC4: 9181_24 | JD4: 9181_25 | JE4: 9181_26 | JF4: 9181_27 | JG4: 9181_28 | JH4: 9181_29 | JI4: 9181_30 | JK4: 9621_1 | JL4: 9621_2 | JM4: 9621_3 | JN4: 9621_4 | JO4: 9621_5 | JP4: 9621_6 | JQ4: 9621_7 | JR4: 9621_8 | JS4: 9621_9 | JT4: 9621_10 | JU4: 9621_11 | JV4: 9621_12 | JW4: 9621_13 | JX4: 9621_14 | JY4: 9621_15 | JZ4: 9621_16 | KA4: 9621_17 | KB4: 9621_18 | KC4: 9621_19 | KD4: 9621_20 | KE4: 9621_21 | KF4: 9621_22 | KG4: 9621_23 | KH4: 9621_24 | KI4: 9621_25 | KJ4: 9621_26 | KK4: 9621_27 | KL4: 9621_28 | KM4: 9621_29 | KN4: 9621_30 | KP4: 10741_1 | KQ4: 10741_2 | KR4: 10741_3 | KS4: 10741_4 | KT4: 10741_5 | KU4: 10741_6 | KV4: 10741_7 | KW4: 10741_8 | KX4: 10741_9 | KY4: 10741_10 | KZ4: 10741_11 | LA4: 10741_12 | LB4: 10741_13 | LC4: 10741_14 | LD4: 10741_15 | LE4: 10741_16 | LF4: 10741_17 | LG4: 10741_18 | LH4: 10741_19 | LI4: 10741_20 | LJ4: 10741_21 | LK4: 10741_22 | LL4: 10741_23 | LM4: 10741_24 | LN4: 10741_25 | LO4: 10741_26 | LP4: 10741_27 | LQ4: 10741_28 | LR4: 10741_29 | LS4: 10741_30 | LU4: 11115_1 | LV4: 11115_2 | LW4: 11115_3 | LX4: 11115_4 | LY4: 11115_5 | LZ4: 11115_6 | MA4: 11115_7 | MB4: 11115_8 | MC4: 11115_9 | MD4: 11115_10 | ME4: 11115_11 | MF4: 11115_12 | MG4: 11115_13 | MH4: 11115_14 | MI4: 11115_15 | MJ4: 11115_16 | MK4: 11115_17 | ML4: 11115_18 | MM4: 11115_19 | MN4: 11115_20 | MO4: 11115_21 | MP4: 11115_22 | MQ4: 11115_23 | MR4: 11115_24 | MS4: 11115_25 | MT4: 11115_26 | MU4: 11115_27 | MV4: 11115_28 | MW4: 11115_29 | MX4: 11115_30 | MZ4: 11292_1 | NA4: 11292_2 | NB4: 11292_3 | NC4: 11292_4 | ND4: 11292_5 | NE4: 11292_6 | NF4: 11292_7 | NG4: 11292_8 | NH4: 11292_9 | NI4: 11292_10 | NJ4: 11292_11 | NK4: 11292_12 | NL4: 11292_13 | NM4: 11292_14 | NN4: 11292_15 | NO4: 11292_16 | NP4: 11292_17 | NQ4: 11292_18 | NR4: 11292_19 | NS4: 11292_20 | NT4: 11292_21 | NU4: 11292_22 | NV4: 11292_23 | NW4: 11292_24 | NX4: 11292_25 | NY4: 11292_26 | NZ4: 11292_27 | OA4: 11292_28 | OB4: 11292_29 | OC4: 11292_30 | OE4: 13570_1 | OF4: 13570_2 | OG4: 13570_3 | OH4: 13570_4 | OI4: 13570_5 | OJ4: 13570_6 | OK4: 13570_7 | OL4: 13570_8 | OM4: 13570_9 | ON4: 13570_10 | OO4: 13570_11 | OP4: 13570_12 | OQ4: 13570_13 | OR4: 13570_14 | OS4: 13570_15 | OT4: 13570_16 | OU4: 13570_17 | OV4: 13570_18 | OW4: 13570_19 | OX4: 13570_20 | OY4: 13570_21 | OZ4: 13570_22 | PA4: 13570_23 | PB4: 13570_24 | PC4: 13570_25 | PD4: 13570_26 | PE4: 13570_27 | PF4: 13570_28 | PG4: 13570_29 | PH4: 13570_30 | PJ4: 13570_1 | PK4: 13570_2 | PL4: 13570_3 | PM4: 13570_4 | PN4: 13570_5 | PO4: 13570_6 | PP4: 13570_7 | PQ4: 13570_8 | PR4: 13570_9 | PS4: 13570_10 | PT4: 13570_11 | PU4: 13570_12 | PV4: 13570_13 | PW4: 13570_14 | PX4: 13570_15 | PY4: 13570_16 | PZ4: 13570_17 | QA4: 13570_18 | QB4: 13570_19 | QC4: 13570_20 | QD4: 13570_21 | QE4: 13570_22 | QF4: 13570_23 | QG4: 13570_24 | QH4: 13570_25 | QI4: 13570_26 | QJ4: 13570_27 | QK4: 13570_28 | QL4: 13570_29 | QM4: 13570_30 | QO4: 14053_1 | QP4: 14053_2 | QQ4: 14053_3 | QR4: 14053_4 | QS4: 14053_5 | QT4: 14053_6 | QU4: 14053_7 | QV4: 14053_8 | QW4: 14053_9 | QX4: 14053_10 | QY4: 14053_11 | QZ4: 14053_12 | RA4: 14053_13 | RB4: 14053_14 | RC4: 14053_15 | RD4: 14053_16 | RE4: 14053_17 | RF4: 14053_18 | RG4: 14053_19 | RH4: 14053_20 | RI4: 14053_21 | RJ4: 14053_22 | RK4: 14053_23 | RL4: 14053_24 | RM4: 14053_25 | RN4: 14053_26 | RO4: 14053_27 | RP4: 14053_28 | RQ4: 14053_29 | RR4: 14053_30 | RT4: 14609_1 | RU4: 14609_2 | RV4: 14609_3 | RW4: 14609_4 | RX4: 14609_5 | RY4: 14609_6 | RZ4: 14609_7 | SA4: 14609_8 | SB4: 14609_9 | SC4: 14609_10 | SD4: 14609_11 | SE4: 14609_12 | SF4: 14609_13 | SG4: 14609_14 | SH4: 14609_15 | SI4: 14609_16 | SJ4: 14609_17 | SK4: 14609_18 | SL4: 14609_19 | SM4: 14609_20 | SN4: 14609_21 | SO4: 14609_22 | SP4: 14609_23 | SQ4: 14609_24 | SR4: 14609_25 | SS4: 14609_26 | ST4: 14609_27 | SU4: 14609_28 | SV4: 14609_29 | SW4: 14609_30 | SY4: 15235_1 | SZ4: 15235_2 | TA4: 15235_3 | TB4: 15235_4 | TC4: 15235_5 | TD4: 15235_6 | TE4: 15235_7 | TF4: 15235_8 | TG4: 15235_9 | TH4: 15235_10 | TI4: 15235_11 | TJ4: 15235_12 | TK4: 15235_13 | TL4: 15235_14 | TM4: 15235_15 | TN4: 15235_16 | TO4: 15235_17 | TP4: 15235_18 | TQ4: 15235_19 | TR4: 15235_20 | TS4: 15235_21 | TT4: 15235_22 | TU4: 15235_23 | TV4: 15235_24 | TW4: 15235_25 | TX4: 15235_26 | TY4: 15235_27 | TZ4: 15235_28 | UA4: 15235_29 | UB4: 15235_30 | UD4: 15399_1 | UE4: 15399_2 | UF4: 15399_3 | UG4: 15399_4 | UH4: 15399_5 | UI4: 15399_6 | UJ4: 15399_7 | UK4: 15399_8 | UL4: 15399_9 | UM4: 15399_10 | UN4: 15399_11 | UO4: 15399_12 | UP4: 15399_13 | UQ4: 15399_14 | UR4: 15399_15 | US4: 15399_16 | UT4: 15399_17 | UU4: 15399_18 | UV4: 15399_19 | UW4: 15399_20 | UX4: 15399_21 | UY4: 15399_22 | UZ4: 15399_23 | VA4: 15399_24 | VB4: 15399_25 | VC4: 15399_26 | VD4: 15399_27 | VE4: 15399_28 | VF4: 15399_29 | VG4: 15399_30 | VI4: 15433_1 | VJ4: 15433_2 | VK4: 15433_3 | VL4: 15433_4 | VM4: 15433_5 | VN4: 15433_6 | VO4: 15433_7 | VP4: 15433_8 | VQ4: 15433_9 | VR4: 15433_10 | VS4: 15433_11 | VT4: 15433_12 | VU4: 15433_13 | VV4: 15433_14 | VW4: 15433_15 | VX4: 15433_16 | VY4: 15433_17 | VZ4: 15433_18 | WA4: 15433_19 | WB4: 15433_20 | WC4: 15433_21 | WD4: 15433_22 | WE4: 15433_23 | WF4: 15433_24 | WG4: 15433_25 | WH4: 15433_26 | WI4: 15433_27 | WJ4: 15433_28 | WK4: 15433_29 | WL4: 15433_30 | WN4: 16259_1 | WO4: 16259_2 | WP4: 16259_3 | WQ4: 16259_4 | WR4: 16259_5 | WS4: 16259_6 | WT4: 16259_7 | WU4: 16259_8 | WV4: 16259_9 | WW4: 16259_10 | WX4: 16259_11 | WY4: 16259_12 | WZ4: 16259_13 | XA4: 16259_14 | XB4: 16259_15 | XC4: 16259_16 | XD4: 16259_17 | XE4: 16259_18 | XF4: 16259_19 | XG4: 16259_20 | XH4: 16259_21 | XI4: 16259_22 | XJ4: 16259_23 | XK4: 16259_24 | XL4: 16259_25 | XM4: 16259_26 | XN4: 16259_27 | XO4: 16259_28 | XP4: 16259_29 | XQ4: 16259_30 | XS4: 16533_1 | XT4: 16533_2 | XU4: 16533_3 | XV4: 16533_4 | XW4: 16533_5 | XX4: 16533_6 | XY4: 16533_7 | XZ4: 16533_8 | YA4: 16533_9 | YB4: 16533_10 | YC4: 16533_11 | YD4: 16533_12 | YE4: 16533_13 | YF4: 16533_14 | YG4: 16533_15 | YH4: 16533_16 | YI4: 16533_17 | YJ4: 16533_18 | YK4: 16533_19 | YL4: 16533_20 | YM4: 16533_21 | YN4: 16533_22 | YO4: 16533_23 | YP4: 16533_24 | YQ4: 16533_25 | YR4: 16533_26 | YS4: 16533_27 | YT4: 16533_28 | YU4: 16533_29 | YV4: 16533_30 | YX4: 17126_1 | YY4: 17126_2 | YZ4: 17126_3 | ZA4: 17126_4 | ZB4: 17126_5 | ZC4: 17126_6 | ZD4: 17126_7 | ZE4: 17126_8 | ZF4: 17126_9 | ZG4: 17126_10 | ZH4: 17126_11 | ZI4: 17126_12 | ZJ4: 17126_13 | ZK4: 17126_14 | ZL4: 17126_15 | ZM4: 17126_16 | ZN4: 17126_17 | ZO4: 17126_18 | ZP4: 17126_19 | ZQ4: 17126_20 | ZR4: 17126_21 | ZS4: 17126_22 | ZT4: 17126_23 | ZU4: 17126_24 | ZV4: 17126_25 | ZW4: 17126_26 | ZX4: 17126_27 | ZY4: 17126_28 | ZZ4: 17126_29 | AAA4: 17126_30 | AAC4: 17280_1 | AAD4: 17280_2 | AAE4: 17280_3 | AAF4: 17280_4 | AAG4: 17280_5 | AAH4: 17280_6 | AAI4: 17280_7 | AAJ4: 17280_8 | AAK4: 17280_9 | AAL4: 17280_10 | AAM4: 17280_11 | AAN4: 17280_12 | AAO4: 17280_13 | AAP4: 17280_14 | AAQ4: 17280_15 | AAR4: 17280_16 | AAS4: 17280_17 | AAT4: 17280_18 | AAU4: 17280_19 | AAV4: 17280_20 | AAW4: 17280_21 | AAX4: 17280_22 | AAY4: 17280_23 | AAZ4: 17280_24 | ABA4: 17280_25 | ABB4: 17280_26 | ABC4: 17280_27 | ABD4: 17280_28 | ABE4: 17280_29 | ABF4: 17280_30 | ABH4: 19089_1 | ABI4: 19089_2 | ABJ4: 19089_3 | ABK4: 19089_4 | ABL4: 19089_5 | ABM4: 19089_6 | ABN4: 19089_7 | ABO4: 19089_8 | ABP4: 19089_9 | ABQ4: 19089_10 | ABR4: 19089_11 | ABS4: 19089_12 | ABT4: 19089_13 | ABU4: 19089_14 | ABV4: 19089_15 | ABW4: 19089_16 | ABX4: 19089_17 | ABY4: 19089_18 | ABZ4: 19089_19 | ACA4: 19089_20 | ACB4: 19089_21 | ACC4: 19089_22 | ACD4: 19089_23 | ACE4: 19089_24 | ACF4: 19089_25 | ACG4: 19089_26 | ACH4: 19089_27 | ACI4: 19089_28 | ACJ4: 19089_29 | ACK4: 19089_30 | ACM4: 19314_1 | ACN4: 19314_2 | ACO4: 19314_3 | ACP4: 19314_4 | ACQ4: 19314_5 | ACR4: 19314_6 | ACS4: 19314_7 | ACT4: 19314_8 | ACU4: 19314_9 | ACV4: 19314_10 | ACW4: 19314_11 | ACX4: 19314_12 | ACY4: 19314_13 | ACZ4: 19314_14 | ADA4: 19314_15 | ADB4: 19314_16 | ADC4: 19314_17 | ADD4: 19314_18 | ADE4: 19314_19 | ADF4: 19314_20 | ADG4: 19314_21 | ADH4: 19314_22 | ADI4: 19314_23 | ADJ4: 19314_24 | ADK4: 19314_25 | ADL4: 19314_26 | ADM4: 19314_27 | ADN4: 19314_28 | ADO4: 19314_29 | ADP4: 19314_30 | ADR4: 19378_1 | ADS4: 19378_2 | ADT4: 19378_3 | ADU4: 19378_4 | ADV4: 19378_5 | ADW4: 19378_6 | ADX4: 19378_7 | ADY4: 19378_8 | ADZ4: 19378_9 | AEA4: 19378_10 | AEB4: 19378_11 | AEC4: 19378_12 | AED4: 19378_13 | AEE4: 19378_14 | AEF4: 19378_15 | AEG4: 19378_16 | AEH4: 19378_17 | AEI4: 19378_18 | AEJ4: 19378_19 | AEK4: 19378_20 | AEL4: 19378_21 | AEM4: 19378_22 | AEN4: 19378_23 | AEO4: 19378_24 | AEP4: 19378_25 | AEQ4: 19378_26 | AER4: 19378_27 | AES4: 19378_28 | AET4: 19378_29 | AEU4: 19378_30 | AEW4: 19445_1 | AEX4: 19445_2 | AEY4: 19445_3 | AEZ4: 19445_4 | AFA4: 19445_5 | AFB4: 19445_6 | AFC4: 19445_7 | AFD4: 19445_8 | AFE4: 19445_9 | AFF4: 19445_10 | AFG4: 19445_11 | AFH4: 19445_12 | AFI4: 19445_13 | AFJ4: 19445_14 | AFK4: 19445_15 | AFL4: 19445_16 | AFM4: 19445_17 | AFN4: 19445_18 | AFO4: 19445_19 | AFP4: 19445_20 | AFQ4: 19445_21 | AFR4: 19445_22 | AFS4: 19445_23 | AFT4: 19445_24 | AFU4: 19445_25 | AFV4: 19445_26 | AFW4: 19445_27 | AFX4: 19445_28 | AFY4: 19445_29 | AFZ4: 19445_30 | AGB4: 19925_1 | AGC4: 19925_2 | AGD4: 19925_3 | AGE4: 19925_4 | AGF4: 19925_5 | AGG4: 19925_6 | AGH4: 19925_7 | AGI4: 19925_8 | AGJ4: 19925_9 | AGK4: 19925_10 | AGL4: 19925_11 | AGM4: 19925_12 | AGN4: 19925_13 | AGO4: 19925_14 | AGP4: 19925_15 | AGQ4: 19925_16 | AGR4: 19925_17 | AGS4: 19925_18 | AGT4: 19925_19 | AGU4: 19925_20 | AGV4: 19925_21 | AGW4: 19925_22 | AGX4: 19925_23 | AGY4: 19925_24 | AGZ4: 19925_25 | AHA4: 19925_26 | AHB4: 19925_27 | AHC4: 19925_28 | AHD4: 19925_29 | AHE4: 19925_30 | AHG4: 20011_1 | AHH4: 20011_2 | AHI4: 20011_3 | AHJ4: 20011_4 | AHK4: 20011_5 | AHL4: 20011_6 | AHM4: 20011_7 | AHN4: 20011_8 | AHO4: 20011_9 | AHP4: 20011_10 | AHQ4: 20011_11 | AHR4: 20011_12 | AHS4: 20011_13 | AHT4: 20011_14 | AHU4: 20011_15 | AHV4: 20011_16 | AHW4: 20011_17 | AHX4: 20011_18 | AHY4: 20011_19 | AHZ4: 20011_20 | AIA4: 20011_21 | AIB4: 20011_22 | AIC4: 20011_23 | AID4: 20011_24 | AIE4: 20011_25 | AIF4: 20011_26 | AIG4: 20011_27 | AIH4: 20011_28 | AII4: 20011_29 | AIJ4: 20011_30 | AIL4: 21268_1 | AIM4: 21268_2 | AIN4: 21268_3 | AIO4: 21268_4 | AIP4: 21268_5 | AIQ4: 21268_6 | AIR4: 21268_7 | AIS4: 21268_8 | AIT4: 21268_9 | AIU4: 21268_10 | AIV4: 21268_11 | AIW4: 21268_12 | AIX4: 21268_13 | AIY4: 21268_14 | AIZ4: 21268_15 | AJA4: 21268_16 | AJB4: 21268_17 | AJC4: 21268_18 | AJD4: 21268_19 | AJE4: 21268_20 | AJF4: 21268_21 | AJG4: 21268_22 | AJH4: 21268_23 | AJI4: 21268_24 | AJJ4: 21268_25 | AJK4: 21268_26 | AJL4: 21268_27 | AJM4: 21268_28 | AJN4: 21268_29 | AJO4: 21268_30 | AJQ4: 21269_1 | AJR4: 21269_2 | AJS4: 21269_3 | AJT4: 21269_4 | AJU4: 21269_5 | AJV4: 21269_6 | AJW4: 21269_7 | AJX4: 21269_8 | AJY4: 21269_9 | AJZ4: 21269_10 | AKA4: 21269_11 | AKB4: 21269_12 | AKC4: 21269_13 | AKD4: 21269_14 | AKE4: 21269_15 | AKF4: 21269_16 | AKG4: 21269_17 | AKH4: 21269_18 | AKI4: 21269_19 | AKJ4: 21269_20 | AKK4: 21269_21 | AKL4: 21269_22 | AKM4: 21269_23 | AKN4: 21269_24 | AKO4: 21269_25 | AKP4: 21269_26 | AKQ4: 21269_27 | AKR4: 21269_28 | AKS4: 21269_29 | AKT4: 21269_30 | AKV4: 22554_1 | AKW4: 22554_2 | AKX4: 22554_3 | AKY4: 22554_4 | AKZ4: 22554_5 | ALA4: 22554_6 | ALB4: 22554_7 | ALC4: 22554_8 | ALD4: 22554_9 | ALE4: 22554_10 | ALF4: 22554_11 | ALG4: 22554_12 | ALH4: 22554_13 | ALI4: 22554_14 | ALJ4: 22554_15 | ALK4: 22554_16 | ALL4: 22554_17 | ALM4: 22554_18 | ALN4: 22554_19 | ALO4: 22554_20 | ALP4: 22554_21 | ALQ4: 22554_22 | ALR4: 22554_23 | ALS4: 22554_24 | ALT4: 22554_25 | ALU4: 22554_26 | ALV4: 22554_27 | ALW4: 22554_28 | ALX4: 22554_29 | ALY4: 22554_30 | AMA4: 22584_1 | AMB4: 22584_2 | AMC4: 22584_3 | AMD4: 22584_4 | AME4: 22584_5 | AMF4: 22584_6 | AMG4: 22584_7 | AMH4: 22584_8 | AMI4: 22584_9 | AMJ4: 22584_10 | AMK4: 22584_11 | AML4: 22584_12 | AMM4: 22584_13 | AMN4: 22584_14 | AMO4: 22584_15 | AMP4: 22584_16 | AMQ4: 22584_17 | AMR4: 22584_18 | AMS4: 22584_19 | AMT4: 22584_20 | AMU4: 22584_21 | AMV4: 22584_22 | AMW4: 22584_23 | AMX4: 22584_24 | AMY4: 22584_25 | AMZ4: 22584_26 | ANA4: 22584_27 | ANB4: 22584_28 | ANC4: 22584_29 | AND4: 22584_30 | ANF4: 23390_1 | ANG4: 23390_2 | ANH4: 23390_3 | ANI4: 23390_4 | ANJ4: 23390_5 | ANK4: 23390_6 | ANL4: 23390_7 | ANM4: 23390_8 | ANN4: 23390_9 | ANO4: 23390_10 | ANP4: 23390_11 | ANQ4: 23390_12 | ANR4: 23390_13 | ANS4: 23390_14 | ANT4: 23390_15 | ANU4: 23390_16 | ANV4: 23390_17 | ANW4: 23390_18 | ANX4: 23390_19 | ANY4: 23390_20 | ANZ4: 23390_21 | AOA4: 23390_22 | AOB4: 23390_23 | AOC4: 23390_24 | AOD4: 23390_25 | AOE4: 23390_26 | AOF4: 23390_27 | AOG4: 23390_28 | AOH4: 23390_29 | AOI4: 23390_30 | AOK4: 23503_1 | AOL4: 23503_2 | AOM4: 23503_3 | AON4: 23503_4 | AOO4: 23503_5 | AOP4: 23503_6 | AOQ4: 23503_7 | AOR4: 23503_8 | AOS4: 23503_9 | AOT4: 23503_10 | AOU4: 23503_11 | AOV4: 23503_12 | AOW4: 23503_13 | AOX4: 23503_14 | AOY4: 23503_15 | AOZ4: 23503_16 | APA4: 23503_17 | APB4: 23503_18 | APC4: 23503_19 | APD4: 23503_20 | APE4: 23503_21 | APF4: 23503_22 | APG4: 23503_23 | APH4: 23503_24 | API4: 23503_25 | APJ4: 23503_26 | APK4: 23503_27 | APL4: 23503_28 | APM4: 23503_29 | APN4: 23503_30 | APP4: When deciding how well an image fit a headline, what mattered most to you? Select all that apply. | APQ4: Attitude Towards AI | APR4: (Optional) Any comments or things you noticed about the task? | APS4: Age | APT4: Sex | APU4: Ethnicity simplified | APV4: Country of birth | APW4: Country of residence | APX4: Nationality | APY4: Language | APZ4: Student status | AQA4: Employment status
A6: R_4Suwt6wdoYpIU4z | B6: AIINS-01 | C6: 5694 | E6: 3 | F6: 3 | G6: 3 | H6: 3 | I6: 3 | J6: 3 | K6: 3 | L6: 5 | M6: 3 | N6: 3 | O6: 3 | P6: 3 | Q6: 3 | R6: 2 | S6: 2 | T6: 1 | U6: 1 | V6: 1 | W6: 1 | X6: 1 | Y6: 3 | Z6: 1 | AA6: 1 | AB6: 4 | AC6: 1 | AD6: 1 | AE6: 1 | AF6: 4 | AG6: 1 | AH6: 1 | AI6: 1 | AJ6: 1 | AK6: 1 | AM6: 1 | AN6: 4 | AO6: 4 | AP6: 5 | AQ6: 4 | AR6: 4 | AS6: 4 | AT6: 4 | AU6: 4 | AV6: 4 | AW6: 4 | AX6: 1 | AY6: 4 | AZ6: 3 | BA6: 3 | BB6: 4 | BC6: 4 | BD6: 4 | BE6: 1 | BF6: 1 | BG6: 4 | BH6: 4 | BI6: 4 | BJ6: 4 | BK6: 4 | BL6: 1 | BM6: 1 | BN6: 2 | BO6: 1 | BP6: 4 | BQ6: 1 | BR6: 1 | BS6: 1 | BU6: 2 | BV6: 5 | BW6: 5 | BX6: 5 | BY6: 5 | BZ6: 5 | CA6: 5 | CB6: 5 | CC6: 5 | CD6: 5 | CE6: 5 | CF6: 1 | CG6: 4 | CH6: 1 | CI6: 3 | CJ6: 1 | CK6: 1 | CL6: 1 | CM6: 1 | CN6: 1 | CO6: 4 | CP6: 4 | CQ6: 2 | CR6: 2 | CS6: 5 | CT6: 3 | CU6: 5 | CV6: 5 | CW6: 5 | CX6: 1 | CY6: 5 | CZ6: 5 | DA6: 5 | DC6: 1 | DD6: 5 | DE6: 5 | DF6: 5 | DG6: 5 | DH6: 5 | DI6: 5 | DJ6: 5 | DK6: 5 | DL6: 5 | DM6: 5 | DN6: 2 | DO6: 1 | DP6: 2 | DQ6: 5 | DR6: 2 | DS6: 5 | DT6: 5 | DU6: 3 | DV6: 5 | DW6: 5 | DX6: 5 | DY6: 5 | DZ6: 3 | EA6: 5 | EB6: 5 | EC6: 4 | ED6: 3 | EE6: 5 | EF6: 5 | EG6: 5 | EH6: 5 | EI6: 5 | EK6: 1 | EL6: 3 | EM6: 3 | EN6: 3 | EO6: 3 | EP6: 3 | EQ6: 3 | ER6: 3 | ES6: 3 | ET6: 3 | EU6: 3 | EV6: 1 | EW6: 1 | EX6: 1 | EY6: 1 | EZ6: 1 | FA6: 1 | FB6: 5 | FC6: 1 | FD6: 5 | FE6: 2 | FF6: 3 | FG6: 3 | FH6: 1 | FI6: 3 | FJ6: 3 | FK6: 3 | FL6: 3 | FM6: 3 | FN6: 3 | FO6: 3 | FP6: 3 | FQ6: 3 | FS6: 1 | FT6: 4 | FU6: 4 | FV6: 5 | FW6: 4 | FX6: 4 | FY6: 4 | FZ6: 4 | GA6: 4 | GB6: 5 | GC6: 5 | GD6: 1 | GE6: 1 | GF6: 1 | GG6: 4 | GH6: 1 | GI6: 2 | GJ6: 1 | GK6: 1 | GL6: 1 | GM6: 1 | GN6: 1 | GO6: 4 | GP6: 4 | GQ6: 4 | GR6: 5 | GS6: 5 | GT6: 4 | GU6: 5 | GV6: 4 | GW6: 5 | GX6: 5 | GY6: 5 | HA6: 3 | HB6: 5 | HC6: 5 | HD6: 5 | HE6: 5 | HF6: 5 | HG6: 5 | HH6: 5 | HI6: 5 | HJ6: 5 | HK6: 5 | HL6: 4 | HM6: 1 | HN6: 2 | HO6: 2 | HP6: 2 | HQ6: 2 | HR6: 1 | HS6: 1 | HT6: 1 | HU6: 3 | HV6: 4 | HW6: 3 | HX6: 4 | HY6: 4 | HZ6: 1 | IA6: 1 | IB6: 3 | IC6: 1 | ID6: 4 | IF6: 2 | IG6: 5 | IH6: 5 | II6: 5 | IJ6: 3 | IK6: 3 | IL6: 5 | IM6: 5 | IN6: 3 | IO6: 3 | IP6: 3 | IQ6: 1 | IR6: 5 | IS6: 1 | IT6: 1 | IU6: 1 | IV6: 1 | IW6: 5 | IX6: 5 | IY6: 5 | IZ6: 2 | JA6: 3 | JB6: 3 | JC6: 1 | JD6: 3 | JE6: 1 | JF6: 1 | JG6: 4 | JH6: 1 | JI6: 5 | JK6: 2 | JL6: 5 | JM6: 5 | JN6: 5 | JO6: 5 | JP6: 5 | JQ6: 5 | JR6: 5 | JS6: 5 | JT6: 5 | JU6: 5 | JV6: 2 | JW6: 4 | JX6: 4 | JY6: 4 | JZ6: 4 | KA6: 4 | KB6: 2 | KC6: 2 | KD6: 2 | KE6: 4 | KF6: 4 | KG6: 5 | KH6: 5 | KI6: 4 | KJ6: 4 | KK6: 5 | KL6: 5 | KM6: 5 | KN6: 4 | KP6: 1 | KQ6: 5 | KR6: 5 | KS6: 5 | KT6: 4 | KU6: 5 | KV6: 4 | KW6: 5 | KX6: 5 | KY6: 5 | KZ6: 5 | LA6: 3 | LB6: 3 | LC6: 3 | LD6: 1 | LE6: 1 | LF6: 4 | LG6: 1 | LH6: 1 | LI6: 1 | LJ6: 3 | LK6: 3 | LL6: 1 | LM6: 3 | LN6: 3 | LO6: 1 | LP6: 3 | LQ6: 2 | LR6: 3 | LS6: 3 | LU6: 1 | LV6: 5 | LW6: 5 | LX6: 5 | LY6: 5 | LZ6: 5 | MA6: 5 | MB6: 5 | MC6: 5 | MD6: 5 | ME6: 5 | MF6: 2 | MG6: 2 | MH6: 3 | MI6: 3 | MJ6: 2 | MK6: 2 | ML6: 2 | MM6: 2 | MN6: 2 | MO6: 5 | MP6: 2 | MQ6: 3 | MR6: 1 | MS6: 4 | MT6: 1 | MU6: 2 | MV6: 5 | MW6: 3 | MX6: 4 | MZ6: 2 | NA6: 4 | NB6: 4 | NC6: 4 | ND6: 4 | NE6: 4 | NF6: 4 | NG6: 4 | NH6: 4 | NI6: 4 | NJ6: 4 | NK6: 1 | NL6: 1 | NM6: 2 | NN6: 1 | NO6: 1 | NP6: 1 | NQ6: 3 | NR6: 3 | NS6: 3 | NT6: 4 | NU6: 4 | NV6: 3 | NW6: 4 | NX6: 4 | NY6: 1 | NZ6: 3 | OA6: 3 | OB6: 3 | OC6: 3 | OE6: 1 | OF6: 5 | OG6: 5 | OH6: 5 | OI6: 5 | OJ6: 5 | OK6: 5 | OL6: 5 | OM6: 5 | ON6: 5 | OO6: 5 | OP6: 2 | OQ6: 3 | OR6: 2 | OS6: 3 | OT6: 2 | OU6: 2 | OV6: 3 | OW6: 1 | OX6: 1 | OY6: 4 | OZ6: 4 | PA6: 4 | PB6: 5 | PC6: 5 | PD6: 2 | PE6: 2 | PF6: 4 | PG6: 2 | PH6: 5 | PJ6: 1 | PK6: 4 | PL6: 5 | PM6: 5 | PN6: 5 | PO6: 4 | PP6: 4 | PQ6: 5 | PR6: 5 | PS6: 5 | PT6: 4 | PU6: 1 | PV6: 1 | PW6: 1 | PX6: 1 | PY6: 2 | PZ6: 1 | QA6: 4 | QB6: 4 | QC6: 1 | QD6: 2 | QE6: 1 | QF6: 5 | QG6: 2 | QH6: 4 | QI6: 5 | QJ6: 5 | QK6: 5 | QL6: 5 | QM6: 5 | QO6: 1 | QP6: 5 | QQ6: 5 | QR6: 5 | QS6: 4 | QT6: 5 | QU6: 5 | QV6: 5 | QW6: 5 | QX6: 5 | QY6: 5 | QZ6: 5 | RA6: 5 | RB6: 4 | RC6: 5 | RD6: 1 | RE6: 5 | RF6: 1 | RG6: 2 | RH6: 1 | RI6: 5 | RJ6: 4 | RK6: 3 | RL6: 3 | RM6: 3 | RN6: 3 | RO6: 5 | RP6: 3 | RQ6: 5 | RR6: 3 | RT6: 1 | RU6: 3 | RV6: 3 | RW6: 3 | RX6: 5 | RY6: 3 | RZ6: 3 | SA6: 3 | SB6: 3 | SC6: 3 | SD6: 3 | SE6: 3 | SF6: 1 | SG6: 1 | SH6: 1 | SI6: 1 | SJ6: 1 | SK6: 1 | SL6: 1 | SM6: 1 | SN6: 4 | SO6: 5 | SP6: 1 | SQ6: 4 | SR6: 1 | SS6: 1 | ST6: 1 | SU6: 1 | SV6: 1 | SW6: 3 | SY6: 1 | SZ6: 5 | TA6: 5 | TB6: 3 | TC6: 5 | TD6: 5 | TE6: 5 | TF6: 3 | TG6: 3 | TH6: 5 | TI6: 5 | TJ6: 1 | TK6: 1 | TL6: 1 | TM6: 1 | TN6: 1 | TO6: 1 | TP6: 1 | TQ6: 5 | TR6: 5 | TS6: 5 | TT6: 1 | TU6: 2 | TV6: 3 | TW6: 5 | TX6: 3 | TY6: 5 | TZ6: 5 | UA6: 5 | UB6: 5 | UD6: 1 | UE6: 4 | UF6: 4 | UG6: 4 | UH6: 4 | UI6: 4 | UJ6: 4 | UK6: 4 | UL6: 4 | UM6: 4 | UN6: 4 | UO6: 3 | UP6: 3 | UQ6: 3 | UR6: 3 | US6: 4 | UT6: 4 | UU6: 4 | UV6: 3 | UW6: 3 | UX6: 4 | UY6: 4 | UZ6: 4 | VA6: 4 | VB6: 4 | VC6: 2 | VD6: 3 | VE6: 4 | VF6: 4 | VG6: 4 | VI6: 3 | VJ6: 5 | VK6: 5 | VL6: 5 | VM6: 5 | VN6: 5 | VO6: 5 | VP6: 5 | VQ6: 5 | VR6: 5 | VS6: 5 | VT6: 3 | VU6: 1 | VV6: 3 | VW6: 1 | VX6: 3 | VY6: 5 | VZ6: 3 | WA6: 1 | WB6: 1 | WC6: 3 | WD6: 1 | WE6: 5 | WF6: 3 | WG6: 5 | WH6: 3 | WI6: 3 | WJ6: 1 | WK6: 5 | WL6: 3 | WN6: 1 | WO6: 4 | WP6: 4 | WQ6: 4 | WR6: 4 | WS6: 4 | WT6: 4 | WU6: 5 | WV6: 4 | WW6: 4 | WX6: 4 | WY6: 1 | WZ6: 1 | XA6: 3 | XB6: 3 | XC6: 3 | XD6: 1 | XE6: 3 | XF6: 3 | XG6: 3 | XH6: 2 | XI6: 1 | XJ6: 4 | XK6: 3 | XL6: 4 | XM6: 2 | XN6: 3 | XO6: 3 | XP6: 3 | XQ6: 3 | XS6: 1 | XT6: 4 | XU6: 5 | XV6: 5 | XW6: 5 | XX6: 5 | XY6: 4 | XZ6: 5 | YA6: 4 | YB6: 5 | YC6: 5 | YD6: 4 | YE6: 3 | YF6: 4 | YG6: 4 | YH6: 4 | YI6: 4 | YJ6: 3 | YK6: 4 | YL6: 4 | YM6: 3 | YN6: 4 | YO6: 4 | YP6: 4 | YQ6: 4 | YR6: 3 | YS6: 4 | YT6: 3 | YU6: 4 | YV6: 4 | YX6: 1 | YY6: 4 | YZ6: 4 | ZA6: 4 | ZB6: 4 | ZC6: 4 | ZD6: 4 | ZE6: 4 | ZF6: 4 | ZG6: 4 | ZH6: 4 | ZI6: 2 | ZJ6: 1 | ZK6: 1 | ZL6: 5 | ZM6: 1 | ZN6: 1 | ZO6: 5 | ZP6: 5 | ZQ6: 5 | ZR6: 5 | ZS6: 2 | ZT6: 4 | ZU6: 2 | ZV6: 5 | ZW6: 5 | ZX6: 5 | ZY6: 5 | ZZ6: 5 | AAA6: 5 | AAC6: 2 | AAD6: 5 | AAE6: 5 | AAF6: 5 | AAG6: 5 | AAH6: 5 | AAI6: 5 | AAJ6: 5 | AAK6: 5 | AAL6: 5 | AAM6: 5 | AAN6: 4 | AAO6: 5 | AAP6: 4 | AAQ6: 4 | AAR6: 5 | AAS6: 3 | AAT6: 5 | AAU6: 5 | AAV6: 5 | AAW6: 4 | AAX6: 4 | AAY6: 5 | AAZ6: 5 | ABA6: 5 | ABB6: 5 | ABC6: 5 | ABD6: 5 | ABE6: 5 | ABF6: 4 | ABH6: 1 | ABI6: 5 | ABJ6: 5 | ABK6: 5 | ABL6: 3 | ABM6: 5 | ABN6: 5 | ABO6: 5 | ABP6: 5 | ABQ6: 5 | ABR6: 5 | ABS6: 3 | ABT6: 2 | ABU6: 3 | ABV6: 1 | ABW6: 4 | ABX6: 4 | ABY6: 5 | ABZ6: 5 | ACA6: 5 | ACB6: 5 | ACC6: 2 | ACD6: 5 | ACE6: 4 | ACF6: 5 | ACG6: 1 | ACH6: 1 | ACI6: 3 | ACJ6: 3 | ACK6: 4 | ACM6: 1 | ACN6: 5 | ACO6: 5 | ACP6: 5 | ACQ6: 5 | ACR6: 5 | ACS6: 5 | ACT6: 5 | ACU6: 5 | ACV6: 5 | ACW6: 5 | ACX6: 1 | ACY6: 1 | ACZ6: 1 | ADA6: 2 | ADB6: 1 | ADC6: 3 | ADD6: 1 | ADE6: 3 | ADF6: 1 | ADG6: 1 | ADH6: 1 | ADI6: 4 | ADJ6: 4 | ADK6: 4 | ADL6: 1 | ADM6: 4 | ADN6: 4 | ADO6: 4 | ADP6: 4 | ADR6: 5 | ADS6: 5 | ADT6: 5 | ADU6: 4 | ADV6: 5 | ADW6: 5 | ADX6: 4 | ADY6: 5 | ADZ6: 4 | AEA6: 5 | AEB6: 5 | AEC6: 5 | AED6: 5 | AEE6: 5 | AEF6: 4 | AEG6: 5 | AEH6: 5 | AEI6: 1 | AEJ6: 5 | AEK6: 1 | AEL6: 5 | AEM6: 2 | AEN6: 2 | AEO6: 1 | AEP6: 4 | AEQ6: 2 | AER6: 3 | AES6: 4 | AET6: 4 | AEU6: 5 | AEW6: 1 | AEX6: 5 | AEY6: 5 | AEZ6: 5 | AFA6: 5 | AFB6: 5 | AFC6: 5 | AFD6: 5 | AFE6: 5 | AFF6: 5 | AFG6: 5 | AFH6: 1 | AFI6: 1 | AFJ6: 2 | AFK6: 3 | AFL6: 3 | AFM6: 1 | AFN6: 1 | AFO6: 3 | AFP6: 1 | AFQ6: 5 | AFR6: 2 | AFS6: 5 | AFT6: 5 | AFU6: 2 | AFV6: 2 | AFW6: 2 | AFX6: 5 | AFY6: 2 | AFZ6: 3 | AGB6: 4 | AGC6: 5 | AGD6: 5 | AGE6: 5 | AGF6: 5 | AGG6: 5 | AGH6: 5 | AGI6: 4 | AGJ6: 5 | AGK6: 5 | AGL6: 5 | AGM6: 1 | AGN6: 2 | AGO6: 1 | AGP6: 1 | AGQ6: 4 | AGR6: 3 | AGS6: 1 | AGT6: 1 | AGU6: 1 | AGV6: 5 | AGW6: 2 | AGX6: 5 | AGY6: 5 | AGZ6: 5 | AHA6: 4 | AHB6: 4 | AHC6: 2 | AHD6: 4 | AHE6: 5 | AHG6: 1 | AHH6: 5 | AHI6: 5 | AHJ6: 3 | AHK6: 5 | AHL6: 5 | AHM6: 5 | AHN6: 5 | AHO6: 5 | AHP6: 5 | AHQ6: 5 | AHR6: 1 | AHS6: 3 | AHT6: 1 | AHU6: 3 | AHV6: 1 | AHW6: 1 | AHX6: 1 | AHY6: 2 | AHZ6: 2 | AIA6: 3 | AIB6: 4 | AIC6: 5 | AID6: 4 | AIE6: 1 | AIF6: 1 | AIG6: 3 | AIH6: 4 | AII6: 5 | AIJ6: 3 | AIL6: 1 | AIM6: 4 | AIN6: 2 | AIO6: 4 | AIP6: 4 | AIQ6: 5 | AIR6: 4 | AIS6: 4 | AIT6: 1 | AIU6: 4 | AIV6: 5 | AIW6: 4 | AIX6: 4 | AIY6: 1 | AIZ6: 1 | AJA6: 4 | AJB6: 4 | AJC6: 3 | AJD6: 1 | AJE6: 1 | AJF6: 2 | AJG6: 1 | AJH6: 4 | AJI6: 1 | AJJ6: 4 | AJK6: 4 | AJL6: 4 | AJM6: 3 | AJN6: 4 | AJO6: 4 | AJQ6: 1 | AJR6: 5 | AJS6: 5 | AJT6: 5 | AJU6: 5 | AJV6: 5 | AJW6: 4 | AJX6: 4 | AJY6: 5 | AJZ6: 5 | AKA6: 5 | AKB6: 4 | AKC6: 1 | AKD6: 4 | AKE6: 4 | AKF6: 4 | AKG6: 4 | AKH6: 1 | AKI6: 1 | AKJ6: 1 | AKK6: 5 | AKL6: 4 | AKM6: 5 | AKN6: 4 | AKO6: 4 | AKP6: 1 | AKQ6: 1 | AKR6: 4 | AKS6: 1 | AKT6: 3 | AKV6: 1 | AKW6: 5 | AKX6: 5 | AKY6: 5 | AKZ6: 5 | ALA6: 5 | ALB6: 5 | ALC6: 5 | ALD6: 5 | ALE6: 5 | ALF6: 5 | ALG6: 1 | ALH6: 4 | ALI6: 3 | ALJ6: 4 | ALK6: 3 | ALL6: 5 | ALM6: 1 | ALN6: 1 | ALO6: 1 | ALP6: 5 | ALQ6: 5 | ALR6: 5 | ALS6: 5 | ALT6: 5 | ALU6: 3 | ALV6: 3 | ALW6: 5 | ALX6: 3 | ALY6: 4 | AMA6: 1 | AMB6: 4 | AMC6: 5 | AMD6: 5 | AME6: 5 | AMF6: 5 | AMG6: 4 | AMH6: 4 | AMI6: 4 | AMJ6: 4 | AMK6: 5 | AML6: 1 | AMM6: 1 | AMN6: 2 | AMO6: 5 | AMP6: 5 | AMQ6: 1 | AMR6: 1 | AMS6: 1 | AMT6: 1 | AMU6: 5 | AMV6: 5 | AMW6: 5 | AMX6: 5 | AMY6: 4 | AMZ6: 5 | ANA6: 5 | ANB6: 2 | ANC6: 5 | AND6: 5 | ANF6: 1 | ANG6: 5 | ANH6: 5 | ANI6: 5 | ANJ6: 5 | ANK6: 5 | ANL6: 5 | ANM6: 5 | ANN6: 4 | ANO6: 5 | ANP6: 5 | ANQ6: 4 | ANR6: 3 | ANS6: 1 | ANT6: 4 | ANU6: 1 | ANV6: 3 | ANW6: 2 | ANX6: 4 | ANY6: 4 | ANZ6: 5 | AOA6: 4 | AOB6: 5 | AOC6: 3 | AOD6: 4 | AOE6: 4 | AOF6: 4 | AOG6: 5 | AOH6: 4 | AOI6: 4 | AOK6: 3 | AOL6: 5 | AOM6: 5 | AON6: 5 | AOO6: 5 | AOP6: 4 | AOQ6: 5 | AOR6: 5 | AOS6: 5 | AOT6: 5 | AOU6: 5 | AOV6: 4 | AOW6: 3 | AOX6: 5 | AOY6: 4 | AOZ6: 4 | APA6: 1 | APB6: 4 | APC6: 4 | APD6: 4 | APE6: 5 | APF6: 3 | APG6: 5 | APH6: 5 | API6: 5 | APJ6: 2 | APK6: 2 | APL6: 2 | APM6: 2 | APN6: 5
A7: Group Average | E7: =AVERAGE(E6) -> 3 | F7: =AVERAGE(F6) -> 3 | G7: =AVERAGE(G6) -> 3 | H7: =AVERAGE(H6) -> 3 | I7: =AVERAGE(I6) -> 3 | J7: =AVERAGE(J6) -> 3 | K7: =AVERAGE(K6) -> 3 | L7: =AVERAGE(L6) -> 5 | ... AK7: =AVERAGE(AK6) -> 1 | AM7: =AVERAGE(AM6) -> 1 | AN7: =AVERAGE(AN6) -> 4 | AO7: =AVERAGE(AO6) -> 4 | AP7: =AVERAGE(AP6) -> 5 | AQ7: =AVERAGE(AQ6) -> 4 | AR7: =AVERAGE(AR6) -> 4 | AS7: =AVERAGE(AS6) -> 4 | AT7: =AVERAGE(AT6) -> 4 | ... BS7: =AVERAGE(BS6) -> 1 | BU7: =AVERAGE(BU6) -> 2 | BV7: =AVERAGE(BV6) -> 5 | BW7: =AVERAGE(BW6) -> 5 | BX7: =AVERAGE(BX6) -> 5 | BY7: =AVERAGE(BY6) -> 5 | BZ7: =AVERAGE(BZ6) -> 5 | CA7: =AVERAGE(CA6) -> 5 | CB7: =AVERAGE(CB6) -> 5 | ... DA7: =AVERAGE(DA6) -> 5 | DC7: =AVERAGE(DC6) -> 1 | DD7: =AVERAGE(DD6) -> 5 | DE7: =AVERAGE(DE6) -> 5 | DF7: =AVERAGE(DF6) -> 5 | DG7: =AVERAGE(DG6) -> 5 | DH7: =AVERAGE(DH6) -> 5 | DI7: =AVERAGE(DI6) -> 5 | DJ7: =AVERAGE(DJ6) -> 5 | ... EI7: =AVERAGE(EI6) -> 5 | EK7: =AVERAGE(EK6) -> 1 | EL7: =AVERAGE(EL6) -> 3 | EM7: =AVERAGE(EM6) -> 3 | EN7: =AVERAGE(EN6) -> 3 | EO7: =AVERAGE(EO6) -> 3 | EP7: =AVERAGE(EP6) -> 3 | EQ7: =AVERAGE(EQ6) -> 3 | ER7: =AVERAGE(ER6) -> 3 | ... FQ7: =AVERAGE(FQ6) -> 3 | FS7: =AVERAGE(FS6) -> 1 | FT7: =AVERAGE(FT6) -> 4 | FU7: =AVERAGE(FU6) -> 4 | FV7: =AVERAGE(FV6) -> 5 | FW7: =AVERAGE(FW6) -> 4 | FX7: =AVERAGE(FX6) -> 4 | FY7: =AVERAGE(FY6) -> 4 | FZ7: =AVERAGE(FZ6) -> 4 | ... GY7: =AVERAGE(GY6) -> 5 | HA7: =AVERAGE(HA6) -> 3 | HB7: =AVERAGE(HB6) -> 5 | HC7: =AVERAGE(HC6) -> 5 | HD7: =AVERAGE(HD6) -> 5 | HE7: =AVERAGE(HE6) -> 5 | HF7: =AVERAGE(HF6) -> 5 | HG7: =AVERAGE(HG6) -> 5 | HH7: =AVERAGE(HH6) -> 5 | ... ID7: =AVERAGE(ID6) -> 4 | IF7: =AVERAGE(IF6) -> 2 | IG7: =AVERAGE(IG6) -> 5 | IH7: =AVERAGE(IH6) -> 5 | II7: =AVERAGE(II6) -> 5 | IJ7: =AVERAGE(IJ6) -> 3 | IK7: =AVERAGE(IK6) -> 3 | IL7: =AVERAGE(IL6) -> 5 | IM7: =AVERAGE(IM6) -> 5 | ... JI7: =AVERAGE(JI6) -> 5 | JK7: =AVERAGE(JK6) -> 2 | JL7: =AVERAGE(JL6) -> 5 | JM7: =AVERAGE(JM6) -> 5 | JN7: =AVERAGE(JN6) -> 5 | JO7: =AVERAGE(JO6) -> 5 | JP7: =AVERAGE(JP6) -> 5 | JQ7: =AVERAGE(JQ6) -> 5 | JR7: =AVERAGE(JR6) -> 5 | ... KN7: =AVERAGE(KN6) -> 4 | KP7: =AVERAGE(KP6) -> 1 | KQ7: =AVERAGE(KQ6) -> 5 | KR7: =AVERAGE(KR6) -> 5 | KS7: =AVERAGE(KS6) -> 5 | KT7: =AVERAGE(KT6) -> 4 | KU7: =AVERAGE(KU6) -> 5 | KV7: =AVERAGE(KV6) -> 4 | KW7: =AVERAGE(KW6) -> 5 | ... LS7: =AVERAGE(LS6) -> 3 | LU7: =AVERAGE(LU6) -> 1 | LV7: =AVERAGE(LV6) -> 5 | LW7: =AVERAGE(LW6) -> 5 | LX7: =AVERAGE(LX6) -> 5 | LY7: =AVERAGE(LY6) -> 5 | LZ7: =AVERAGE(LZ6) -> 5 | MA7: =AVERAGE(MA6) -> 5 | MB7: =AVERAGE(MB6) -> 5 | ... MX7: =AVERAGE(MX6) -> 4 | MZ7: =AVERAGE(MZ6) -> 2 | NA7: =AVERAGE(NA6) -> 4 | NB7: =AVERAGE(NB6) -> 4 | NC7: =AVERAGE(NC6) -> 4 | ND7: =AVERAGE(ND6) -> 4 | NE7: =AVERAGE(NE6) -> 4 | NF7: =AVERAGE(NF6) -> 4 | NG7: =AVERAGE(NG6) -> 4 | ... OC7: =AVERAGE(OC6) -> 3 | OE7: =AVERAGE(OE6) -> 1 | OF7: =AVERAGE(OF6) -> 5 | OG7: =AVERAGE(OG6) -> 5 | OH7: =AVERAGE(OH6) -> 5 | OI7: =AVERAGE(OI6) -> 5 | OJ7: =AVERAGE(OJ6) -> 5 | OK7: =AVERAGE(OK6) -> 5 | OL7: =AVERAGE(OL6) -> 5 | ... PH7: =AVERAGE(PH6) -> 5 | PJ7: =AVERAGE(PJ6) -> 1 | PK7: =AVERAGE(PK6) -> 4 | PL7: =AVERAGE(PL6) -> 5 | PM7: =AVERAGE(PM6) -> 5 | PN7: =AVERAGE(PN6) -> 5 | PO7: =AVERAGE(PO6) -> 4 | PP7: =AVERAGE(PP6) -> 4 | PQ7: =AVERAGE(PQ6) -> 5 | ... QM7: =AVERAGE(QM6) -> 5 | QO7: =AVERAGE(QO6) -> 1 | QP7: =AVERAGE(QP6) -> 5 | QQ7: =AVERAGE(QQ6) -> 5 | QR7: =AVERAGE(QR6) -> 5 | QS7: =AVERAGE(QS6) -> 4 | QT7: =AVERAGE(QT6) -> 5 | QU7: =AVERAGE(QU6) -> 5 | QV7: =AVERAGE(QV6) -> 5 | ... RR7: =AVERAGE(RR6) -> 3 | RT7: =AVERAGE(RT6) -> 1 | RU7: =AVERAGE(RU6) -> 3 | RV7: =AVERAGE(RV6) -> 3 | RW7: =AVERAGE(RW6) -> 3 | RX7: =AVERAGE(RX6) -> 5 | RY7: =AVERAGE(RY6) -> 3 | RZ7: =AVERAGE(RZ6) -> 3 | SA7: =AVERAGE(SA6) -> 3 | ... SW7: =AVERAGE(SW6) -> 3 | SY7: =AVERAGE(SY6) -> 1 | SZ7: =AVERAGE(SZ6) -> 5 | TA7: =AVERAGE(TA6) -> 5 | TB7: =AVERAGE(TB6) -> 3 | TC7: =AVERAGE(TC6) -> 5 | TD7: =AVERAGE(TD6) -> 5 | TE7: =AVERAGE(TE6) -> 5 | TF7: =AVERAGE(TF6) -> 3 | ... UB7: =AVERAGE(UB6) -> 5 | UD7: =AVERAGE(UD6) -> 1 | UE7: =AVERAGE(UE6) -> 4 | UF7: =AVERAGE(UF6) -> 4 | UG7: =AVERAGE(UG6) -> 4 | UH7: =AVERAGE(UH6) -> 4 | UI7: =AVERAGE(UI6) -> 4 | UJ7: =AVERAGE(UJ6) -> 4 | UK7: =AVERAGE(UK6) -> 4 | ... VG7: =AVERAGE(VG6) -> 4 | VI7: =AVERAGE(VI6) -> 3 | VJ7: =AVERAGE(VJ6) -> 5 | VK7: =AVERAGE(VK6) -> 5 | VL7: =AVERAGE(VL6) -> 5 | VM7: =AVERAGE(VM6) -> 5 | VN7: =AVERAGE(VN6) -> 5 | VO7: =AVERAGE(VO6) -> 5 | VP7: =AVERAGE(VP6) -> 5 | ... WL7: =AVERAGE(WL6) -> 3 | WN7: =AVERAGE(WN6) -> 1 | WO7: =AVERAGE(WO6) -> 4 | WP7: =AVERAGE(WP6) -> 4 | WQ7: =AVERAGE(WQ6) -> 4 | WR7: =AVERAGE(WR6) -> 4 | WS7: =AVERAGE(WS6) -> 4 | WT7: =AVERAGE(WT6) -> 4 | WU7: =AVERAGE(WU6) -> 5 | ... XQ7: =AVERAGE(XQ6) -> 3 | XS7: =AVERAGE(XS6) -> 1 | XT7: =AVERAGE(XT6) -> 4 | XU7: =AVERAGE(XU6) -> 5 | XV7: =AVERAGE(XV6) -> 5 | XW7: =AVERAGE(XW6) -> 5 | XX7: =AVERAGE(XX6) -> 5 | XY7: =AVERAGE(XY6) -> 4 | XZ7: =AVERAGE(XZ6) -> 5 | ... YV7: =AVERAGE(YV6) -> 4 | YX7: =AVERAGE(YX6) -> 1 | YY7: =AVERAGE(YY6) -> 4 | YZ7: =AVERAGE(YZ6) -> 4 | ZA7: =AVERAGE(ZA6) -> 4 | ZB7: =AVERAGE(ZB6) -> 4 | ZC7: =AVERAGE(ZC6) -> 4 | ZD7: =AVERAGE(ZD6) -> 4 | ZE7: =AVERAGE(ZE6) -> 4 | ... AAA7: =AVERAGE(AAA6) -> 5 | AAC7: =AVERAGE(AAC6) -> 2 | AAD7: =AVERAGE(AAD6) -> 5 | AAE7: =AVERAGE(AAE6) -> 5 | AAF7: =AVERAGE(AAF6) -> 5 | AAG7: =AVERAGE(AAG6) -> 5 | AAH7: =AVERAGE(AAH6) -> 5 | AAI7: =AVERAGE(AAI6) -> 5 | AAJ7: =AVERAGE(AAJ6) -> 5 | ... ABF7: =AVERAGE(ABF6) -> 4 | ABH7: =AVERAGE(ABH6) -> 1 | ABI7: =AVERAGE(ABI6) -> 5 | ABJ7: =AVERAGE(ABJ6) -> 5 | ABK7: =AVERAGE(ABK6) -> 5 | ABL7: =AVERAGE(ABL6) -> 3 | ABM7: =AVERAGE(ABM6) -> 5 | ABN7: =AVERAGE(ABN6) -> 5 | ABO7: =AVERAGE(ABO6) -> 5 | ... ACK7: =AVERAGE(ACK6) -> 4 | ACM7: =AVERAGE(ACM6) -> 1 | ACN7: =AVERAGE(ACN6) -> 5 | ACO7: =AVERAGE(ACO6) -> 5 | ACP7: =AVERAGE(ACP6) -> 5 | ACQ7: =AVERAGE(ACQ6) -> 5 | ACR7: =AVERAGE(ACR6) -> 5 | ACS7: =AVERAGE(ACS6) -> 5 | ACT7: =AVERAGE(ACT6) -> 5 | ... ADP7: =AVERAGE(ADP6) -> 4 | ADR7: =AVERAGE(ADR6) -> 5 | ADS7: =AVERAGE(ADS6) -> 5 | ADT7: =AVERAGE(ADT6) -> 5 | ADU7: =AVERAGE(ADU6) -> 4 | ADV7: =AVERAGE(ADV6) -> 5 | ADW7: =AVERAGE(ADW6) -> 5 | ADX7: =AVERAGE(ADX6) -> 4 | ADY7: =AVERAGE(ADY6) -> 5 | ... AEU7: =AVERAGE(AEU6) -> 5 | AEW7: =AVERAGE(AEW6) -> 1 | AEX7: =AVERAGE(AEX6) -> 5 | AEY7: =AVERAGE(AEY6) -> 5 | AEZ7: =AVERAGE(AEZ6) -> 5 | AFA7: =AVERAGE(AFA6) -> 5 | AFB7: =AVERAGE(AFB6) -> 5 | AFC7: =AVERAGE(AFC6) -> 5 | AFD7: =AVERAGE(AFD6) -> 5 | ... AFZ7: =AVERAGE(AFZ6) -> 3 | AGB7: =AVERAGE(AGB6) -> 4 | AGC7: =AVERAGE(AGC6) -> 5 | AGD7: =AVERAGE(AGD6) -> 5 | AGE7: =AVERAGE(AGE6) -> 5 | AGF7: =AVERAGE(AGF6) -> 5 | AGG7: =AVERAGE(AGG6) -> 5 | AGH7: =AVERAGE(AGH6) -> 5 | AGI7: =AVERAGE(AGI6) -> 4 | ... AHE7: =AVERAGE(AHE6) -> 5 | AHG7: =AVERAGE(AHG6) -> 1 | AHH7: =AVERAGE(AHH6) -> 5 | AHI7: =AVERAGE(AHI6) -> 5 | AHJ7: =AVERAGE(AHJ6) -> 3 | AHK7: =AVERAGE(AHK6) -> 5 | AHL7: =AVERAGE(AHL6) -> 5 | AHM7: =AVERAGE(AHM6) -> 5 | AHN7: =AVERAGE(AHN6) -> 5 | ... AIJ7: =AVERAGE(AIJ6) -> 3 | AIL7: =AVERAGE(AIL6) -> 1 | AIM7: =AVERAGE(AIM6) -> 4 | AIN7: =AVERAGE(AIN6) -> 2 | AIO7: =AVERAGE(AIO6) -> 4 | AIP7: =AVERAGE(AIP6) -> 4 | AIQ7: =AVERAGE(AIQ6) -> 5 | AIR7: =AVERAGE(AIR6) -> 4 | AIS7: =AVERAGE(AIS6) -> 4 | ... AJO7: =AVERAGE(AJO6) -> 4 | AJQ7: =AVERAGE(AJQ6) -> 1 | AJR7: =AVERAGE(AJR6) -> 5 | AJS7: =AVERAGE(AJS6) -> 5 | AJT7: =AVERAGE(AJT6) -> 5 | AJU7: =AVERAGE(AJU6) -> 5 | AJV7: =AVERAGE(AJV6) -> 5 | AJW7: =AVERAGE(AJW6) -> 4 | AJX7: =AVERAGE(AJX6) -> 4 | ... AKT7: =AVERAGE(AKT6) -> 3 | AKV7: =AVERAGE(AKV6) -> 1 | AKW7: =AVERAGE(AKW6) -> 5 | AKX7: =AVERAGE(AKX6) -> 5 | AKY7: =AVERAGE(AKY6) -> 5 | AKZ7: =AVERAGE(AKZ6) -> 5 | ALA7: =AVERAGE(ALA6) -> 5 | ALB7: =AVERAGE(ALB6) -> 5 | ALC7: =AVERAGE(ALC6) -> 5 | ... ALY7: =AVERAGE(ALY6) -> 4 | AMA7: =AVERAGE(AMA6) -> 1 | AMB7: =AVERAGE(AMB6) -> 4 | AMC7: =AVERAGE(AMC6) -> 5 | AMD7: =AVERAGE(AMD6) -> 5 | AME7: =AVERAGE(AME6) -> 5 | AMF7: =AVERAGE(AMF6) -> 5 | AMG7: =AVERAGE(AMG6) -> 4 | AMH7: =AVERAGE(AMH6) -> 4 | ... AND7: =AVERAGE(AND6) -> 5 | ANF7: =AVERAGE(ANF6) -> 1 | ANG7: =AVERAGE(ANG6) -> 5 | ANH7: =AVERAGE(ANH6) -> 5 | ANI7: =AVERAGE(ANI6) -> 5 | ANJ7: =AVERAGE(ANJ6) -> 5 | ANK7: =AVERAGE(ANK6) -> 5 | ANL7: =AVERAGE(ANL6) -> 5 | ANM7: =AVERAGE(ANM6) -> 5 | ... AOI7: =AVERAGE(AOI6) -> 4 | AOK7: =AVERAGE(AOK6) -> 3 | AOL7: =AVERAGE(AOL6) -> 5 | AOM7: =AVERAGE(AOM6) -> 5 | AON7: =AVERAGE(AON6) -> 5 | AOO7: =AVERAGE(AOO6) -> 5 | AOP7: =AVERAGE(AOP6) -> 4 | AOQ7: =AVERAGE(AOQ6) -> 5 | AOR7: =AVERAGE(AOR6) -> 5 | ... APN7: =AVERAGE(APN6) -> 5
A9: R_8VEgqqZDxeb59gz | B9: CERTH-ITI | C9: 89570 | E9: 2 | F9: 5 | G9: 5 | H9: 5 | I9: 4 | J9: 5 | K9: 5 | L9: 5 | M9: 5 | N9: 4 | O9: 4 | P9: 3 | Q9: 3 | R9: 3 | S9: 1 | T9: 2 | U9: 4 | V9: 3 | W9: 2 | X9: 1 | Y9: 4 | Z9: 2 | AA9: 1 | AB9: 4 | AC9: 4 | AD9: 2 | AE9: 2 | AF9: 5 | AG9: 2 | AH9: 3 | AI9: 1 | AJ9: 2 | AK9: 1 | AM9: 1 | AN9: 4 | AO9: 4 | AP9: 5 | AQ9: 5 | AR9: 4 | AS9: 4 | AT9: 4 | AU9: 4 | AV9: 3 | AW9: 2 | AX9: 2 | AY9: 2 | AZ9: 3 | BA9: 4 | BB9: 2 | BC9: 2 | BD9: 3 | BE9: 1 | BF9: 2 | BG9: 4 | BH9: 4 | BI9: 4 | BJ9: 4 | BK9: 3 | BL9: 3 | BM9: 2 | BN9: 3 | BO9: 2 | BP9: 3 | BQ9: 2 | BR9: 3 | BS9: 2 | BU9: 2 | BV9: 4 | BW9: 4 | BX9: 2 | BY9: 4 | BZ9: 5 | CA9: 3 | CB9: 5 | CC9: 4 | CD9: 5 | CE9: 5 | CF9: 4 | CG9: 2 | CH9: 1 | CI9: 2 | CJ9: 1 | CK9: 2 | CL9: 2 | CM9: 1 | CN9: 3 | CO9: 3 | CP9: 3 | CQ9: 3 | CR9: 2 | CS9: 4 | CT9: 4 | CU9: 5 | CV9: 3 | CW9: 3 | CX9: 1 | CY9: 4 | CZ9: 4 | DA9: 4 | DC9: 1 | DD9: 5 | DE9: 5 | DF9: 5 | DG9: 5 | DH9: 3 | DI9: 5 | DJ9: 5 | DK9: 5 | DL9: 5 | DM9: 5 | DN9: 2 | DO9: 2 | DP9: 2 | DQ9: 2 | DR9: 2 | DS9: 5 | DT9: 2 | DU9: 5 | DV9: 2 | DW9: 5 | DX9: 3 | DY9: 5 | DZ9: 5 | EA9: 4 | EB9: 5 | EC9: 5 | ED9: 5 | EE9: 5 | EF9: 5 | EG9: 5 | EH9: 5 | EI9: 5 | EK9: 5 | EL9: 5 | EM9: 5 | EN9: 5 | EO9: 5 | EP9: 5 | EQ9: 5 | ER9: 5 | ES9: 5 | ET9: 5 | EU9: 5 | EV9: 2 | EW9: 2 | EX9: 3 | EY9: 1 | EZ9: 1 | FA9: 2 | FB9: 2 | FC9: 1 | FD9: 3 | FE9: 4 | FF9: 5 | FG9: 4 | FH9: 2 | FI9: 5 | FJ9: 5 | FK9: 5 | FL9: 5 | FM9: 5 | FN9: 5 | FO9: 5 | FP9: 5 | FQ9: 5 | FS9: 1 | FT9: 5 | FU9: 5 | FV9: 5 | FW9: 5 | FX9: 5 | FY9: 5 | FZ9: 5 | GA9: 5 | GB9: 5 | GC9: 5 | GD9: 2 | GE9: 3 | GF9: 2 | GG9: 4 | GH9: 1 | GI9: 3 | GJ9: 3 | GK9: 2 | GL9: 2 | GM9: 2 | GN9: 3 | GO9: 5 | GP9: 4 | GQ9: 5 | GR9: 5 | GS9: 5 | GT9: 4 | GU9: 5 | GV9: 4 | GW9: 4 | GX9: 5 | GY9: 5 | HA9: 5 | HB9: 5 | HC9: 5 | HD9: 5 | HE9: 5 | HF9: 5 | HG9: 5 | HH9: 5 | HI9: 5 | HJ9: 5 | HK9: 5 | HL9: 3 | HM9: 3 | HN9: 3 | HO9: 3 | HP9: 3 | HQ9: 3 | HR9: 1 | HS9: 1 | HT9: 1 | HU9: 4 | HV9: 4 | HW9: 3 | HX9: 5 | HY9: 4 | HZ9: 5 | IA9: 5 | IB9: 5 | IC9: 3 | ID9: 3 | IF9: 5 | IG9: 3 | IH9: 5 | II9: 5 | IJ9: 4 | IK9: 5 | IL9: 5 | IM9: 5 | IN9: 4 | IO9: 4 | IP9: 4 | IQ9: 2 | IR9: 5 | IS9: 3 | IT9: 4 | IU9: 3 | IV9: 2 | IW9: 5 | IX9: 5 | IY9: 4 | IZ9: 5 | JA9: 2 | JB9: 5 | JC9: 2 | JD9: 3 | JE9: 3 | JF9: 1 | JG9: 3 | JH9: 4 | JI9: 3 | JK9: 2 | JL9: 5 | JM9: 5 | JN9: 5 | JO9: 5 | JP9: 5 | JQ9: 5 | JR9: 5 | JS9: 5 | JT9: 4 | JU9: 5 | JV9: 2 | JW9: 2 | JX9: 1 | JY9: 2 | JZ9: 3 | KA9: 3 | KB9: 2 | KC9: 2 | KD9: 2 | KE9: 5 | KF9: 2 | KG9: 5 | KH9: 3 | KI9: 2 | KJ9: 3 | KK9: 5 | KL9: 5 | KM9: 5 | KN9: 2 | KP9: 5 | KQ9: 5 | KR9: 5 | KS9: 5 | KT9: 5 | KU9: 5 | KV9: 5 | KW9: 5 | KX9: 5 | KY9: 5 | KZ9: 5 | LA9: 3 | LB9: 4 | LC9: 3 | LD9: 3 | LE9: 3 | LF9: 3 | LG9: 3 | LH9: 4 | LI9: 4 | LJ9: 4 | LK9: 5 | LL9: 4 | LM9: 4 | LN9: 5 | LO9: 3 | LP9: 3 | LQ9: 4 | LR9: 5 | LS9: 5 | LU9: 1 | LV9: 4 | LW9: 4 | LX9: 5 | LY9: 5 | LZ9: 4 | MA9: 4 | MB9: 4 | MC9: 4 | MD9: 4 | ME9: 5 | MF9: 4 | MG9: 2 | MH9: 3 | MI9: 2 | MJ9: 5 | MK9: 1 | ML9: 4 | MM9: 4 | MN9: 5 | MO9: 3 | MP9: 2 | MQ9: 4 | MR9: 2 | MS9: 4 | MT9: 1 | MU9: 3 | MV9: 4 | MW9: 5 | MX9: 5 | MZ9: 3 | NA9: 5 | NB9: 4 | NC9: 5 | ND9: 5 | NE9: 5 | NF9: 5 | NG9: 5 | NH9: 5 | NI9: 5 | NJ9: 4 | NK9: 5 | NL9: 2 | NM9: 3 | NN9: 2 | NO9: 1 | NP9: 4 | NQ9: 5 | NR9: 5 | NS9: 5 | NT9: 5 | NU9: 5 | NV9: 4 | NW9: 4 | NX9: 4 | NY9: 3 | NZ9: 5 | OA9: 5 | OB9: 5 | OC9: 3 | OE9: 3 | OF9: 5 | OG9: 5 | OH9: 5 | OI9: 5 | OJ9: 5 | OK9: 5 | OL9: 5 | OM9: 5 | ON9: 4 | OO9: 5 | OP9: 4 | OQ9: 3 | OR9: 1 | OS9: 3 | OT9: 4 | OU9: 2 | OV9: 2 | OW9: 1 | OX9: 1 | OY9: 5 | OZ9: 5 | PA9: 4 | PB9: 5 | PC9: 5 | PD9: 3 | PE9: 2 | PF9: 5 | PG9: 5 | PH9: 5 | PJ9: 3 | PK9: 5 | PL9: 5 | PM9: 5 | PN9: 5 | PO9: 5 | PP9: 5 | PQ9: 5 | PR9: 5 | PS9: 5 | PT9: 5 | PU9: 2 | PV9: 1 | PW9: 1 | PX9: 2 | PY9: 3 | PZ9: 4 | QA9: 3 | QB9: 4 | QC9: 3 | QD9: 4 | QE9: 2 | QF9: 5 | QG9: 4 | QH9: 5 | QI9: 5 | QJ9: 5 | QK9: 5 | QL9: 4 | QM9: 5 | QO9: 1 | QP9: 5 | QQ9: 5 | QR9: 5 | QS9: 4 | QT9: 4 | QU9: 5 | QV9: 5 | QW9: 5 | QX9: 5 | QY9: 5 | QZ9: 3 | RA9: 5 | RB9: 5 | RC9: 4 | RD9: 4 | RE9: 3 | RF9: 3 | RG9: 3 | RH9: 3 | RI9: 5 | RJ9: 5 | RK9: 4 | RL9: 4 | RM9: 5 | RN9: 4 | RO9: 4 | RP9: 4 | RQ9: 5 | RR9: 5 | RT9: 3 | RU9: 5 | RV9: 4 | RW9: 4 | RX9: 5 | RY9: 4 | RZ9: 5 | SA9: 5 | SB9: 5 | SC9: 4 | SD9: 4 | SE9: 4 | SF9: 1 | SG9: 1 | SH9: 2 | SI9: 4 | SJ9: 2 | SK9: 1 | SL9: 1 | SM9: 1 | SN9: 4 | SO9: 4 | SP9: 5 | SQ9: 5 | SR9: 4 | SS9: 1 | ST9: 1 | SU9: 3 | SV9: 1 | SW9: 5 | SY9: 1 | SZ9: 4 | TA9: 5 | TB9: 4 | TC9: 5 | TD9: 4 | TE9: 5 | TF9: 5 | TG9: 5 | TH9: 5 | TI9: 5 | TJ9: 5 | TK9: 2 | TL9: 1 | TM9: 3 | TN9: 4 | TO9: 4 | TP9: 3 | TQ9: 4 | TR9: 4 | TS9: 4 | TT9: 5 | TU9: 4 | TV9: 5 | TW9: 5 | TX9: 4 | TY9: 5 | TZ9: 4 | UA9: 5 | UB9: 5 | UD9: 3 | UE9: 4 | UF9: 5 | UG9: 5 | UH9: 4 | UI9: 4 | UJ9: 4 | UK9: 3 | UL9: 4 | UM9: 5 | UN9: 5 | UO9: 2 | UP9: 1 | UQ9: 1 | UR9: 2 | US9: 2 | UT9: 4 | UU9: 1 | UV9: 4 | UW9: 3 | UX9: 3 | UY9: 2 | UZ9: 4 | VA9: 3 | VB9: 2 | VC9: 1 | VD9: 3 | VE9: 3 | VF9: 4 | VG9: 3 | VI9: 3 | VJ9: 5 | VK9: 5 | VL9: 5 | VM9: 5 | VN9: 5 | VO9: 5 | VP9: 5 | VQ9: 5 | VR9: 5 | VS9: 5 | VT9: 4 | VU9: 4 | VV9: 1 | VW9: 5 | VX9: 4 | VY9: 5 | VZ9: 3 | WA9: 5 | WB9: 5 | WC9: 3 | WD9: 4 | WE9: 5 | WF9: 4 | WG9: 5 | WH9: 5 | WI9: 5 | WJ9: 3 | WK9: 5 | WL9: 5 | WN9: 1 | WO9: 5 | WP9: 5 | WQ9: 5 | WR9: 5 | WS9: 5 | WT9: 5 | WU9: 5 | WV9: 5 | WW9: 5 | WX9: 4 | WY9: 3 | WZ9: 4 | XA9: 4 | XB9: 5 | XC9: 3 | XD9: 4 | XE9: 4 | XF9: 4 | XG9: 4 | XH9: 4 | XI9: 3 | XJ9: 5 | XK9: 5 | XL9: 5 | XM9: 3 | XN9: 5 | XO9: 5 | XP9: 3 | XQ9: 4 | XS9: 1 | XT9: 5 | XU9: 5 | XV9: 5 | XW9: 5 | XX9: 5 | XY9: 5 | XZ9: 5 | YA9: 5 | YB9: 5 | YC9: 5 | YD9: 3 | YE9: 1 | YF9: 2 | YG9: 2 | YH9: 4 | YI9: 5 | YJ9: 3 | YK9: 3 | YL9: 2 | YM9: 5 | YN9: 5 | YO9: 3 | YP9: 3 | YQ9: 5 | YR9: 3 | YS9: 3 | YT9: 4 | YU9: 3 | YV9: 5 | YX9: 2 | YY9: 4 | YZ9: 5 | ZA9: 5 | ZB9: 5 | ZC9: 5 | ZD9: 4 | ZE9: 5 | ZF9: 5 | ZG9: 5 | ZH9: 5 | ZI9: 1 | ZJ9: 1 | ZK9: 1 | ZL9: 2 | ZM9: 4 | ZN9: 1 | ZO9: 5 | ZP9: 5 | ZQ9: 5 | ZR9: 5 | ZS9: 3 | ZT9: 5 | ZU9: 3 | ZV9: 3 | ZW9: 5 | ZX9: 5 | ZY9: 4 | ZZ9: 5 | AAA9: 4 | AAC9: 3 | AAD9: 5 | AAE9: 5 | AAF9: 5 | AAG9: 5 | AAH9: 5 | AAI9: 5 | AAJ9: 5 | AAK9: 5 | AAL9: 5 | AAM9: 5 | AAN9: 3 | AAO9: 4 | AAP9: 5 | AAQ9: 4 | AAR9: 5 | AAS9: 5 | AAT9: 5 | AAU9: 5 | AAV9: 5 | AAW9: 5 | AAX9: 5 | AAY9: 5 | AAZ9: 5 | ABA9: 5 | ABB9: 5 | ABC9: 5 | ABD9: 5 | ABE9: 4 | ABF9: 5 | ABH9: 2 | ABI9: 5 | ABJ9: 5 | ABK9: 5 | ABL9: 4 | ABM9: 5 | ABN9: 4 | ABO9: 5 | ABP9: 5 | ABQ9: 5 | ABR9: 5 | ABS9: 5 | ABT9: 5 | ABU9: 5 | ABV9: 3 | ABW9: 4 | ABX9: 5 | ABY9: 5 | ABZ9: 5 | ACA9: 5 | ACB9: 5 | ACC9: 4 | ACD9: 5 | ACE9: 3 | ACF9: 5 | ACG9: 3 | ACH9: 3 | ACI9: 5 | ACJ9: 4 | ACK9: 3 | ACM9: 1 | ACN9: 5 | ACO9: 5 | ACP9: 5 | ACQ9: 5 | ACR9: 5 | ACS9: 5 | ACT9: 5 | ACU9: 5 | ACV9: 5 | ACW9: 5 | ACX9: 3 | ACY9: 2 | ACZ9: 2 | ADA9: 5 | ADB9: 2 | ADC9: 3 | ADD9: 1 | ADE9: 5 | ADF9: 1 | ADG9: 2 | ADH9: 3 | ADI9: 4 | ADJ9: 3 | ADK9: 3 | ADL9: 5 | ADM9: 3 | ADN9: 3 | ADO9: 5 | ADP9: 5 | ADR9: 3 | ADS9: 4 | ADT9: 5 | ADU9: 4 | ADV9: 4 | ADW9: 4 | ADX9: 4 | ADY9: 4 | ADZ9: 5 | AEA9: 4 | AEB9: 4 | AEC9: 4 | AED9: 4 | AEE9: 3 | AEF9: 4 | AEG9: 3 | AEH9: 4 | AEI9: 1 | AEJ9: 4 | AEK9: 1 | AEL9: 5 | AEM9: 3 | AEN9: 3 | AEO9: 4 | AEP9: 5 | AEQ9: 2 | AER9: 2 | AES9: 5 | AET9: 2 | AEU9: 4 | AEW9: 1 | AEX9: 5 | AEY9: 4 | AEZ9: 4 | AFA9: 5 | AFB9: 5 | AFC9: 5 | AFD9: 4 | AFE9: 4 | AFF9: 4 | AFG9: 4 | AFH9: 2 | AFI9: 2 | AFJ9: 2 | AFK9: 2 | AFL9: 2 | AFM9: 5 | AFN9: 2 | AFO9: 2 | AFP9: 2 | AFQ9: 4 | AFR9: 2 | AFS9: 5 | AFT9: 4 | AFU9: 5 | AFV9: 3 | AFW9: 5 | AFX9: 5 | AFY9: 3 | AFZ9: 5 | AGB9: 3 | AGC9: 5 | AGD9: 5 | AGE9: 5 | AGF9: 5 | AGG9: 5 | AGH9: 5 | AGI9: 5 | AGJ9: 5 | AGK9: 5 | AGL9: 5 | AGM9: 2 | AGN9: 2 | AGO9: 3 | AGP9: 1 | AGQ9: 4 | AGR9: 3 | AGS9: 1 | AGT9: 1 | AGU9: 1 | AGV9: 5 | AGW9: 4 | AGX9: 3 | AGY9: 5 | AGZ9: 5 | AHA9: 3 | AHB9: 3 | AHC9: 5 | AHD9: 3 | AHE9: 5 | AHG9: 1 | AHH9: 4 | AHI9: 3 | AHJ9: 5 | AHK9: 5 | AHL9: 5 | AHM9: 4 | AHN9: 3 | AHO9: 3 | AHP9: 5 | AHQ9: 5 | AHR9: 3 | AHS9: 1 | AHT9: 1 | AHU9: 4 | AHV9: 3 | AHW9: 1 | AHX9: 3 | AHY9: 4 | AHZ9: 3 | AIA9: 2 | AIB9: 3 | AIC9: 4 | AID9: 3 | AIE9: 3 | AIF9: 5 | AIG9: 2 | AIH9: 3 | AII9: 4 | AIJ9: 3 | AIL9: 1 | AIM9: 4 | AIN9: 5 | AIO9: 5 | AIP9: 4 | AIQ9: 4 | AIR9: 3 | AIS9: 4 | AIT9: 3 | AIU9: 3 | AIV9: 4 | AIW9: 3 | AIX9: 2 | AIY9: 1 | AIZ9: 1 | AJA9: 3 | AJB9: 3 | AJC9: 3 | AJD9: 1 | AJE9: 1 | AJF9: 3 | AJG9: 4 | AJH9: 2 | AJI9: 2 | AJJ9: 3 | AJK9: 2 | AJL9: 2 | AJM9: 4 | AJN9: 3 | AJO9: 2 | AJQ9: 2 | AJR9: 3 | AJS9: 4 | AJT9: 5 | AJU9: 3 | AJV9: 4 | AJW9: 3 | AJX9: 5 | AJY9: 4 | AJZ9: 3 | AKA9: 3 | AKB9: 3 | AKC9: 3 | AKD9: 1 | AKE9: 3 | AKF9: 2 | AKG9: 4 | AKH9: 1 | AKI9: 2 | AKJ9: 1 | AKK9: 3 | AKL9: 2 | AKM9: 4 | AKN9: 4 | AKO9: 4 | AKP9: 1 | AKQ9: 1 | AKR9: 3 | AKS9: 1 | AKT9: 4 | AKV9: 1 | AKW9: 5 | AKX9: 5 | AKY9: 5 | AKZ9: 5 | ALA9: 5 | ALB9: 5 | ALC9: 5 | ALD9: 5 | ALE9: 5 | ALF9: 5 | ALG9: 2 | ALH9: 4 | ALI9: 3 | ALJ9: 5 | ALK9: 3 | ALL9: 3 | ALM9: 3 | ALN9: 1 | ALO9: 3 | ALP9: 5 | ALQ9: 5 | ALR9: 5 | ALS9: 4 | ALT9: 4 | ALU9: 4 | ALV9: 3 | ALW9: 5 | ALX9: 3 | ALY9: 5 | AMA9: 1 | AMB9: 2 | AMC9: 5 | AMD9: 5 | AME9: 5 | AMF9: 5 | AMG9: 2 | AMH9: 2 | AMI9: 2 | AMJ9: 1 | AMK9: 5 | AML9: 1 | AMM9: 1 | AMN9: 1 | AMO9: 3 | AMP9: 2 | AMQ9: 1 | AMR9: 1 | AMS9: 1 | AMT9: 1 | AMU9: 3 | AMV9: 5 | AMW9: 3 | AMX9: 4 | AMY9: 2 | AMZ9: 3 | ANA9: 3 | ANB9: 3 | ANC9: 2 | AND9: 2 | ANF9: 1 | ANG9: 4 | ANH9: 5 | ANI9: 4 | ANJ9: 3 | ANK9: 3 | ANL9: 4 | ANM9: 5 | ANN9: 4 | ANO9: 5 | ANP9: 4 | ANQ9: 3 | ANR9: 2 | ANS9: 1 | ANT9: 4 | ANU9: 2 | ANV9: 2 | ANW9: 2 | ANX9: 5 | ANY9: 4 | ANZ9: 4 | AOA9: 3 | AOB9: 4 | AOC9: 5 | AOD9: 4 | AOE9: 5 | AOF9: 5 | AOG9: 3 | AOH9: 5 | AOI9: 3 | AOK9: 3 | AOL9: 5 | AOM9: 5 | AON9: 5 | AOO9: 5 | AOP9: 5 | AOQ9: 5 | AOR9: 5 | AOS9: 5 | AOT9: 5 | AOU9: 5 | AOV9: 4 | AOW9: 3 | AOX9: 5 | AOY9: 4 | AOZ9: 3 | APA9: 3 | APB9: 5 | APC9: 3 | APD9: 5 | APE9: 5 | APF9: 4 | APG9: 3 | APH9: 5 | API9: 5 | APJ9: 5 | APK9: 5 | APL9: 4 | APM9: 4 | APN9: 5
A10: R_2nGms8v6ZkNKy89 | B10: CERTH-ITI | C10: 10268 | E10: 1 | F10: 4 | G10: 4 | H10: 4 | I10: 4 | J10: 4 | K10: 4 | L10: 4 | M10: 4 | N10: 4 | O10: 4 | P10: 1 | Q10: 1 | R10: 1 | S10: 1 | T10: 1 | U10: 2 | V10: 1 | W10: 1 | X10: 1 | Y10: 2 | Z10: 1 | AA10: 1 | AB10: 2 | AC10: 2 | AD10: 1 | AE10: 1 | AF10: 1 | AG10: 1 | AH10: 2 | AI10: 1 | AJ10: 1 | AK10: 1 | AM10: 1 | AN10: 5 | AO10: 5 | AP10: 5 | AQ10: 5 | AR10: 5 | AS10: 5 | AT10: 4 | AU10: 5 | AV10: 2 | AW10: 2 | AX10: 1 | AY10: 3 | AZ10: 2 | BA10: 3 | BB10: 1 | BC10: 1 | BD10: 3 | BE10: 1 | BF10: 1 | BG10: 4 | BH10: 3 | BI10: 2 | BJ10: 4 | BK10: 3 | BL10: 1 | BM10: 1 | BN10: 2 | BO10: 1 | BP10: 2 | BQ10: 1 | BR10: 1 | BS10: 1 | BU10: 2 | BV10: 1 | BW10: 1 | BX10: 2 | BY10: 1 | BZ10: 1 | CA10: 1 | CB10: 1 | CC10: 1 | CD10: 1 | CE10: 3 | CF10: 2 | CG10: 2 | CH10: 1 | CI10: 1 | CJ10: 1 | CK10: 2 | CL10: 1 | CM10: 1 | CN10: 1 | CO10: 1 | CP10: 2 | CQ10: 2 | CR10: 1 | CS10: 2 | CT10: 1 | CU10: 3 | CV10: 2 | CW10: 3 | CX10: 1 | CY10: 3 | CZ10: 3 | DA10: 3 | DC10: 1 | DD10: 5 | DE10: 5 | DF10: 5 | DG10: 5 | DH10: 5 | DI10: 4 | DJ10: 5 | DK10: 4 | DL10: 5 | DM10: 5 | DN10: 2 | DO10: 3 | DP10: 1 | DQ10: 2 | DR10: 1 | DS10: 5 | DT10: 2 | DU10: 5 | DV10: 2 | DW10: 3 | DX10: 2 | DY10: 5 | DZ10: 3 | EA10: 5 | EB10: 3 | EC10: 4 | ED10: 3 | EE10: 3 | EF10: 5 | EG10: 3 | EH10: 3 | EI10: 3 | EK10: 1 | EL10: 5 | EM10: 5 | EN10: 3 | EO10: 4 | EP10: 5 | EQ10: 5 | ER10: 4 | ES10: 5 | ET10: 5 | EU10: 4 | EV10: 1 | EW10: 1 | EX10: 1 | EY10: 1 | EZ10: 1 | FA10: 2 | FB10: 2 | FC10: 1 | FD10: 2 | FE10: 3 | FF10: 2 | FG10: 3 | FH10: 1 | FI10: 2 | FJ10: 2 | FK10: 3 | FL10: 4 | FM10: 4 | FN10: 4 | FO10: 4 | FP10: 4 | FQ10: 4 | FS10: 1 | FT10: 3 | FU10: 3 | FV10: 3 | FW10: 3 | FX10: 3 | FY10: 2 | FZ10: 3 | GA10: 3 | GB10: 3 | GC10: 3 | GD10: 1 | GE10: 1 | GF10: 1 | GG10: 2 | GH10: 1 | GI10: 1 | GJ10: 1 | GK10: 1 | GL10: 1 | GM10: 1 | GN10: 1 | GO10: 2 | GP10: 3 | GQ10: 3 | GR10: 2 | GS10: 2 | GT10: 1 | GU10: 3 | GV10: 3 | GW10: 2 | GX10: 2 | GY10: 2 | HA10: 2 | HB10: 5 | HC10: 5 | HD10: 5 | HE10: 5 | HF10: 5 | HG10: 5 | HH10: 4 | HI10: 4 | HJ10: 5 | HK10: 5 | HL10: 3 | HM10: 3 | HN10: 3 | HO10: 2 | HP10: 4 | HQ10: 1 | HR10: 1 | HS10: 1 | HT10: 1 | HU10: 3 | HV10: 4 | HW10: 3 | HX10: 4 | HY10: 3 | HZ10: 2 | IA10: 2 | IB10: 3 | IC10: 2 | ID10: 3 | IF10: 1 | IG10: 4 | IH10: 5 | II10: 5 | IJ10: 4 | IK10: 5 | IL10: 5 | IM10: 5 | IN10: 4 | IO10: 4 | IP10: 4 | IQ10: 2 | IR10: 3 | IS10: 2 | IT10: 2 | IU10: 1 | IV10: 2 | IW10: 1 | IX10: 1 | IY10: 1 | IZ10: 5 | JA10: 1 | JB10: 4 | JC10: 1 | JD10: 3 | JE10: 1 | JF10: 1 | JG10: 2 | JH10: 1 | JI10: 1 | JK10: 1 | JL10: 4 | JM10: 4 | JN10: 4 | JO10: 4 | JP10: 4 | JQ10: 4 | JR10: 4 | JS10: 4 | JT10: 4 | JU10: 4 | JV10: 1 | JW10: 2 | JX10: 1 | JY10: 2 | JZ10: 2 | KA10: 2 | KB10: 1 | KC10: 1 | KD10: 1 | KE10: 3 | KF10: 2 | KG10: 5 | KH10: 5 | KI10: 2 | KJ10: 2 | KK10: 4 | KL10: 3 | KM10: 5 | KN10: 2 | KP10: 1 | KQ10: 4 | KR10: 4 | KS10: 4 | KT10: 4 | KU10: 4 | KV10: 5 | KW10: 4 | KX10: 3 | KY10: 4 | KZ10: 4 | LA10: 2 | LB10: 2 | LC10: 2 | LD10: 1 | LE10: 1 | LF10: 2 | LG10: 2 | LH10: 2 | LI10: 2 | LJ10: 2 | LK10: 3 | LL10: 1 | LM10: 1 | LN10: 4 | LO10: 1 | LP10: 1 | LQ10: 1 | LR10: 5 | LS10: 5 | LU10: 1 | LV10: 4 | LW10: 4 | LX10: 4 | LY10: 4 | LZ10: 4 | MA10: 4 | MB10: 4 | MC10: 4 | MD10: 4 | ME10: 4 | MF10: 3 | MG10: 1 | MH10: 1 | MI10: 1 | MJ10: 2 | MK10: 1 | ML10: 2 | MM10: 2 | MN10: 2 | MO10: 2 | MP10: 1 | MQ10: 4 | MR10: 3 | MS10: 4 | MT10: 1 | MU10: 1 | MV10: 1 | MW10: 3 | MX10: 4 | MZ10: 2 | NA10: 4 | NB10: 3 | NC10: 4 | ND10: 4 | NE10: 4 | NF10: 4 | NG10: 4 | NH10: 4 | NI10: 3 | NJ10: 3 | NK10: 1 | NL10: 2 | NM10: 1 | NN10: 2 | NO10: 1 | NP10: 3 | NQ10: 2 | NR10: 2 | NS10: 2 | NT10: 2 | NU10: 3 | NV10: 2 | NW10: 3 | NX10: 2 | NY10: 1 | NZ10: 2 | OA10: 2 | OB10: 2 | OC10: 2 | OE10: 2 | OF10: 4 | OG10: 4 | OH10: 4 | OI10: 4 | OJ10: 4 | OK10: 4 | OL10: 4 | OM10: 4 | ON10: 4 | OO10: 4 | OP10: 2 | OQ10: 2 | OR10: 1 | OS10: 1 | OT10: 2 | OU10: 1 | OV10: 1 | OW10: 1 | OX10: 1 | OY10: 2 | OZ10: 3 | PA10: 3 | PB10: 4 | PC10: 5 | PD10: 2 | PE10: 2 | PF10: 3 | PG10: 2 | PH10: 5 | PJ10: 1 | PK10: 2 | PL10: 2 | PM10: 4 | PN10: 2 | PO10: 2 | PP10: 2 | PQ10: 5 | PR10: 2 | PS10: 2 | PT10: 2 | PU10: 1 | PV10: 1 | PW10: 1 | PX10: 1 | PY10: 1 | PZ10: 1 | QA10: 1 | QB10: 1 | QC10: 1 | QD10: 1 | QE10: 1 | QF10: 2 | QG10: 1 | QH10: 1 | QI10: 1 | QJ10: 2 | QK10: 1 | QL10: 2 | QM10: 2 | QO10: 1 | QP10: 4 | QQ10: 3 | QR10: 2 | QS10: 2 | QT10: 3 | QU10: 4 | QV10: 3 | QW10: 4 | QX10: 2 | QY10: 2 | QZ10: 1 | RA10: 4 | RB10: 1 | RC10: 4 | RD10: 2 | RE10: 4 | RF10: 1 | RG10: 1 | RH10: 1 | RI10: 3 | RJ10: 2 | RK10: 1 | RL10: 1 | RM10: 2 | RN10: 1 | RO10: 2 | RP10: 1 | RQ10: 4 | RR10: 3 | RT10: 2 | RU10: 3 | RV10: 3 | RW10: 3 | RX10: 4 | RY10: 3 | RZ10: 3 | SA10: 3 | SB10: 3 | SC10: 3 | SD10: 3 | SE10: 1 | SF10: 1 | SG10: 1 | SH10: 2 | SI10: 4 | SJ10: 1 | SK10: 1 | SL10: 1 | SM10: 1 | SN10: 2 | SO10: 2 | SP10: 3 | SQ10: 5 | SR10: 3 | SS10: 1 | ST10: 1 | SU10: 1 | SV10: 1 | SW10: 4 | SY10: 1 | SZ10: 3 | TA10: 3 | TB10: 3 | TC10: 3 | TD10: 3 | TE10: 3 | TF10: 3 | TG10: 3 | TH10: 3 | TI10: 3 | TJ10: 3 | TK10: 1 | TL10: 1 | TM10: 3 | TN10: 3 | TO10: 3 | TP10: 2 | TQ10: 4 | TR10: 4 | TS10: 3 | TT10: 1 | TU10: 2 | TV10: 1 | TW10: 3 | TX10: 1 | TY10: 3 | TZ10: 2 | UA10: 3 | UB10: 3 | UD10: 1 | UE10: 3 | UF10: 3 | UG10: 4 | UH10: 3 | UI10: 3 | UJ10: 3 | UK10: 3 | UL10: 3 | UM10: 3 | UN10: 3 | UO10: 2 | UP10: 3 | UQ10: 3 | UR10: 1 | US10: 4 | UT10: 2 | UU10: 1 | UV10: 3 | UW10: 3 | UX10: 3 | UY10: 2 | UZ10: 3 | VA10: 4 | VB10: 2 | VC10: 2 | VD10: 4 | VE10: 1 | VF10: 4 | VG10: 2 | VI10: 3 | VJ10: 4 | VK10: 4 | VL10: 3 | VM10: 4 | VN10: 3 | VO10: 4 | VP10: 4 | VQ10: 4 | VR10: 3 | VS10: 3 | VT10: 3 | VU10: 3 | VV10: 1 | VW10: 3 | VX10: 3 | VY10: 3 | VZ10: 2 | WA10: 3 | WB10: 2 | WC10: 1 | WD10: 1 | WE10: 4 | WF10: 1 | WG10: 3 | WH10: 1 | WI10: 2 | WJ10: 1 | WK10: 3 | WL10: 4 | WN10: 1 | WO10: 5 | WP10: 5 | WQ10: 3 | WR10: 4 | WS10: 5 | WT10: 5 | WU10: 3 | WV10: 5 | WW10: 4 | WX10: 5 | WY10: 1 | WZ10: 1 | XA10: 1 | XB10: 1 | XC10: 1 | XD10: 3 | XE10: 3 | XF10: 3 | XG10: 3 | XH10: 1 | XI10: 1 | XJ10: 5 | XK10: 2 | XL10: 2 | XM10: 1 | XN10: 1 | XO10: 1 | XP10: 1 | XQ10: 2 | XS10: 1 | XT10: 3 | XU10: 3 | XV10: 3 | XW10: 3 | XX10: 3 | XY10: 3 | XZ10: 3 | YA10: 3 | YB10: 3 | YC10: 3 | YD10: 2 | YE10: 2 | YF10: 2 | YG10: 2 | YH10: 2 | YI10: 1 | YJ10: 2 | YK10: 2 | YL10: 3 | YM10: 2 | YN10: 1 | YO10: 2 | YP10: 2 | YQ10: 2 | YR10: 2 | YS10: 2 | YT10: 2 | YU10: 2 | YV10: 2 | YX10: 1 | YY10: 4 | YZ10: 4 | ZA10: 3 | ZB10: 4 | ZC10: 4 | ZD10: 4 | ZE10: 4 | ZF10: 4 | ZG10: 4 | ZH10: 4 | ZI10: 1 | ZJ10: 1 | ZK10: 1 | ZL10: 2 | ZM10: 1 | ZN10: 1 | ZO10: 2 | ZP10: 2 | ZQ10: 2 | ZR10: 3 | ZS10: 1 | ZT10: 4 | ZU10: 2 | ZV10: 3 | ZW10: 2 | ZX10: 2 | ZY10: 2 | ZZ10: 2 | AAA10: 3 | AAC10: 1 | AAD10: 4 | AAE10: 3 | AAF10: 3 | AAG10: 3 | AAH10: 3 | AAI10: 4 | AAJ10: 4 | AAK10: 4 | AAL10: 3 | AAM10: 3 | AAN10: 3 | AAO10: 3 | AAP10: 2 | AAQ10: 2 | AAR10: 2 | AAS10: 2 | AAT10: 4 | AAU10: 4 | AAV10: 4 | AAW10: 3 | AAX10: 2 | AAY10: 3 | AAZ10: 2 | ABA10: 3 | ABB10: 3 | ABC10: 3 | ABD10: 2 | ABE10: 3 | ABF10: 2 | ABH10: 1 | ABI10: 5 | ABJ10: 5 | ABK10: 5 | ABL10: 3 | ABM10: 5 | ABN10: 5 | ABO10: 5 | ABP10: 5 | ABQ10: 5 | ABR10: 5 | ABS10: 3 | ABT10: 2 | ABU10: 2 | ABV10: 2 | ABW10: 3 | ABX10: 2 | ABY10: 5 | ABZ10: 5 | ACA10: 5 | ACB10: 4 | ACC10: 3 | ACD10: 3 | ACE10: 2 | ACF10: 4 | ACG10: 1 | ACH10: 1 | ACI10: 2 | ACJ10: 1 | ACK10: 2 | ACM10: 1 | ACN10: 3 | ACO10: 3 | ACP10: 4 | ACQ10: 3 | ACR10: 3 | ACS10: 3 | ACT10: 4 | ACU10: 3 | ACV10: 3 | ACW10: 3 | ACX10: 1 | ACY10: 3 | ACZ10: 1 | ADA10: 1 | ADB10: 2 | ADC10: 2 | ADD10: 1 | ADE10: 1 | ADF10: 1 | ADG10: 3 | ADH10: 1 | ADI10: 2 | ADJ10: 4 | ADK10: 3 | ADL10: 1 | ADM10: 3 | ADN10: 2 | ADO10: 4 | ADP10: 4 | ADR10: 2 | ADS10: 2 | ADT10: 3 | ADU10: 2 | ADV10: 2 | ADW10: 4 | ADX10: 3 | ADY10: 4 | ADZ10: 2 | AEA10: 2 | AEB10: 3 | AEC10: 3 | AED10: 1 | AEE10: 1 | AEF10: 1 | AEG10: 2 | AEH10: 1 | AEI10: 1 | AEJ10: 2 | AEK10: 1 | AEL10: 4 | AEM10: 1 | AEN10: 3 | AEO10: 1 | AEP10: 1 | AEQ10: 1 | AER10: 2 | AES10: 1 | AET10: 2 | AEU10: 3 | AEW10: 1 | AEX10: 3 | AEY10: 3 | AEZ10: 3 | AFA10: 4 | AFB10: 3 | AFC10: 4 | AFD10: 4 | AFE10: 3 | AFF10: 4 | AFG10: 4 | AFH10: 2 | AFI10: 1 | AFJ10: 1 | AFK10: 1 | AFL10: 2 | AFM10: 5 | AFN10: 1 | AFO10: 1 | AFP10: 1 | AFQ10: 3 | AFR10: 1 | AFS10: 3 | AFT10: 2 | AFU10: 2 | AFV10: 3 | AFW10: 2 | AFX10: 2 | AFY10: 3 | AFZ10: 2 | AGB10: 2 | AGC10: 3 | AGD10: 3 | AGE10: 3 | AGF10: 2 | AGG10: 3 | AGH10: 3 | AGI10: 3 | AGJ10: 2 | AGK10: 2 | AGL10: 3 | AGM10: 1 | AGN10: 2 | AGO10: 1 | AGP10: 2 | AGQ10: 3 | AGR10: 1 | AGS10: 1 | AGT10: 1 | AGU10: 1 | AGV10: 2 | AGW10: 1 | AGX10: 2 | AGY10: 1 | AGZ10: 2 | AHA10: 1 | AHB10: 1 | AHC10: 1 | AHD10: 1 | AHE10: 3 | AHG10: 1 | AHH10: 2 | AHI10: 2 | AHJ10: 2 | AHK10: 2 | AHL10: 2 | AHM10: 2 | AHN10: 2 | AHO10: 2 | AHP10: 2 | AHQ10: 2 | AHR10: 1 | AHS10: 2 | AHT10: 1 | AHU10: 2 | AHV10: 1 | AHW10: 1 | AHX10: 1 | AHY10: 2 | AHZ10: 1 | AIA10: 1 | AIB10: 1 | AIC10: 2 | AID10: 2 | AIE10: 2 | AIF10: 1 | AIG10: 1 | AIH10: 1 | AII10: 4 | AIJ10: 2 | AIL10: 1 | AIM10: 4 | AIN10: 3 | AIO10: 4 | AIP10: 2 | AIQ10: 5 | AIR10: 4 | AIS10: 3 | AIT10: 3 | AIU10: 5 | AIV10: 5 | AIW10: 5 | AIX10: 3 | AIY10: 1 | AIZ10: 1 | AJA10: 5 | AJB10: 5 | AJC10: 3 | AJD10: 1 | AJE10: 1 | AJF10: 1 | AJG10: 2 | AJH10: 3 | AJI10: 2 | AJJ10: 5 | AJK10: 2 | AJL10: 5 | AJM10: 3 | AJN10: 5 | AJO10: 2 | AJQ10: 1 | AJR10: 1 | AJS10: 1 | AJT10: 4 | AJU10: 1 | AJV10: 1 | AJW10: 1 | AJX10: 4 | AJY10: 1 | AJZ10: 1 | AKA10: 1 | AKB10: 1 | AKC10: 1 | AKD10: 1 | AKE10: 1 | AKF10: 1 | AKG10: 2 | AKH10: 1 | AKI10: 1 | AKJ10: 1 | AKK10: 1 | AKL10: 1 | AKM10: 1 | AKN10: 1 | AKO10: 2 | AKP10: 1 | AKQ10: 1 | AKR10: 1 | AKS10: 1 | AKT10: 1 | AKV10: 1 | AKW10: 5 | AKX10: 5 | AKY10: 5 | AKZ10: 5 | ALA10: 5 | ALB10: 5 | ALC10: 5 | ALD10: 5 | ALE10: 5 | ALF10: 5 | ALG10: 3 | ALH10: 2 | ALI10: 2 | ALJ10: 3 | ALK10: 2 | ALL10: 3 | ALM10: 1 | ALN10: 1 | ALO10: 1 | ALP10: 4 | ALQ10: 4 | ALR10: 3 | ALS10: 3 | ALT10: 3 | ALU10: 1 | ALV10: 1 | ALW10: 5 | ALX10: 1 | ALY10: 5 | AMA10: 1 | AMB10: 1 | AMC10: 4 | AMD10: 4 | AME10: 3 | AMF10: 4 | AMG10: 1 | AMH10: 1 | AMI10: 1 | AMJ10: 1 | AMK10: 4 | AML10: 2 | AMM10: 1 | AMN10: 1 | AMO10: 3 | AMP10: 2 | AMQ10: 1 | AMR10: 1 | AMS10: 1 | AMT10: 1 | AMU10: 3 | AMV10: 3 | AMW10: 3 | AMX10: 3 | AMY10: 2 | AMZ10: 3 | ANA10: 3 | ANB10: 1 | ANC10: 3 | AND10: 3 | ANF10: 1 | ANG10: 3 | ANH10: 3 | ANI10: 4 | ANJ10: 3 | ANK10: 3 | ANL10: 3 | ANM10: 5 | ANN10: 3 | ANO10: 3 | ANP10: 3 | ANQ10: 3 | ANR10: 1 | ANS10: 1 | ANT10: 3 | ANU10: 1 | ANV10: 4 | ANW10: 1 | ANX10: 2 | ANY10: 3 | ANZ10: 4 | AOA10: 2 | AOB10: 2 | AOC10: 4 | AOD10: 3 | AOE10: 1 | AOF10: 1 | AOG10: 2 | AOH10: 1 | AOI10: 2 | AOK10: 1 | AOL10: 4 | AOM10: 4 | AON10: 4 | AOO10: 4 | AOP10: 4 | AOQ10: 4 | AOR10: 4 | AOS10: 4 | AOT10: 4 | AOU10: 4 | AOV10: 5 | AOW10: 3 | AOX10: 2 | AOY10: 1 | AOZ10: 2 | APA10: 2 | APB10: 5 | APC10: 5 | APD10: 5 | APE10: 3 | APF10: 2 | APG10: 3 | APH10: 4 | API10: 4 | APJ10: 3 | APK10: 5 | APL10: 2 | APM10: 5 | APN10: 4
A11: Group Average | E11: =AVERAGE(E9:E10) -> 1.5 | F11: =AVERAGE(F9:F10) -> 4.5 | G11: =AVERAGE(G9:G10) -> 4.5 | H11: =AVERAGE(H9:H10) -> 4.5 | I11: =AVERAGE(I9:I10) -> 4 | J11: =AVERAGE(J9:J10) -> 4.5 | K11: =AVERAGE(K9:K10) -> 4.5 | L11: =AVERAGE(L9:L10) -> 4.5 | ... AK11: =AVERAGE(AK9:AK10) -> 1 | AM11: =AVERAGE(AM9:AM10) -> 1 | AN11: =AVERAGE(AN9:AN10) -> 4.5 | AO11: =AVERAGE(AO9:AO10) -> 4.5 | AP11: =AVERAGE(AP9:AP10) -> 5 | AQ11: =AVERAGE(AQ9:AQ10) -> 5 | AR11: =AVERAGE(AR9:AR10) -> 4.5 | AS11: =AVERAGE(AS9:AS10) -> 4.5 | AT11: =AVERAGE(AT9:AT10) -> 4 | ... BS11: =AVERAGE(BS9:BS10) -> 1.5 | BU11: =AVERAGE(BU9:BU10) -> 2 | BV11: =AVERAGE(BV9:BV10) -> 2.5 | BW11: =AVERAGE(BW9:BW10) -> 2.5 | BX11: =AVERAGE(BX9:BX10) -> 2 | BY11: =AVERAGE(BY9:BY10) -> 2.5 | BZ11: =AVERAGE(BZ9:BZ10) -> 3 | CA11: =AVERAGE(CA9:CA10) -> 2 | CB11: =AVERAGE(CB9:CB10) -> 3 | ... DA11: =AVERAGE(DA9:DA10) -> 3.5 | DC11: =AVERAGE(DC9:DC10) -> 1 | DD11: =AVERAGE(DD9:DD10) -> 5 | DE11: =AVERAGE(DE9:DE10) -> 5 | DF11: =AVERAGE(DF9:DF10) -> 5 | DG11: =AVERAGE(DG9:DG10) -> 5 | DH11: =AVERAGE(DH9:DH10) -> 4 | DI11: =AVERAGE(DI9:DI10) -> 4.5 | DJ11: =AVERAGE(DJ9:DJ10) -> 5 | ... EI11: =AVERAGE(EI9:EI10) -> 4 | EK11: =AVERAGE(EK9:EK10) -> 3 | EL11: =AVERAGE(EL9:EL10) -> 5 | EM11: =AVERAGE(EM9:EM10) -> 5 | EN11: =AVERAGE(EN9:EN10) -> 4 | EO11: =AVERAGE(EO9:EO10) -> 4.5 | EP11: =AVERAGE(EP9:EP10) -> 5 | EQ11: =AVERAGE(EQ9:EQ10) -> 5 | ER11: =AVERAGE(ER9:ER10) -> 4.5 | ... FQ11: =AVERAGE(FQ9:FQ10) -> 4.5 | FS11: =AVERAGE(FS9:FS10) -> 1 | FT11: =AVERAGE(FT9:FT10) -> 4 | FU11: =AVERAGE(FU9:FU10) -> 4 | FV11: =AVERAGE(FV9:FV10) -> 4 | FW11: =AVERAGE(FW9:FW10) -> 4 | FX11: =AVERAGE(FX9:FX10) -> 4 | FY11: =AVERAGE(FY9:FY10) -> 3.5 | FZ11: =AVERAGE(FZ9:FZ10) -> 4 | ... GY11: =AVERAGE(GY9:GY10) -> 3.5 | HA11: =AVERAGE(HA9:HA10) -> 3.5 | HB11: =AVERAGE(HB9:HB10) -> 5 | HC11: =AVERAGE(HC9:HC10) -> 5 | HD11: =AVERAGE(HD9:HD10) -> 5 | HE11: =AVERAGE(HE9:HE10) -> 5 | HF11: =AVERAGE(HF9:HF10) -> 5 | HG11: =AVERAGE(HG9:HG10) -> 5 | HH11: =AVERAGE(HH9:HH10) -> 4.5 | ... ID11: =AVERAGE(ID9:ID10) -> 3 | IF11: =AVERAGE(IF9:IF10) -> 3 | IG11: =AVERAGE(IG9:IG10) -> 3.5 | IH11: =AVERAGE(IH9:IH10) -> 5 | II11: =AVERAGE(II9:II10) -> 5 | IJ11: =AVERAGE(IJ9:IJ10) -> 4 | IK11: =AVERAGE(IK9:IK10) -> 5 | IL11: =AVERAGE(IL9:IL10) -> 5 | IM11: =AVERAGE(IM9:IM10) -> 5 | ... JI11: =AVERAGE(JI9:JI10) -> 2 | JK11: =AVERAGE(JK9:JK10) -> 1.5 | JL11: =AVERAGE(JL9:JL10) -> 4.5 | JM11: =AVERAGE(JM9:JM10) -> 4.5 | JN11: =AVERAGE(JN9:JN10) -> 4.5 | JO11: =AVERAGE(JO9:JO10) -> 4.5 | JP11: =AVERAGE(JP9:JP10) -> 4.5 | JQ11: =AVERAGE(JQ9:JQ10) -> 4.5 | JR11: =AVERAGE(JR9:JR10) -> 4.5 | ... KN11: =AVERAGE(KN9:KN10) -> 2 | KP11: =AVERAGE(KP9:KP10) -> 3 | KQ11: =AVERAGE(KQ9:KQ10) -> 4.5 | KR11: =AVERAGE(KR9:KR10) -> 4.5 | KS11: =AVERAGE(KS9:KS10) -> 4.5 | KT11: =AVERAGE(KT9:KT10) -> 4.5 | KU11: =AVERAGE(KU9:KU10) -> 4.5 | KV11: =AVERAGE(KV9:KV10) -> 5 | KW11: =AVERAGE(KW9:KW10) -> 4.5 | ... LS11: =AVERAGE(LS9:LS10) -> 5 | LU11: =AVERAGE(LU9:LU10) -> 1 | LV11: =AVERAGE(LV9:LV10) -> 4 | LW11: =AVERAGE(LW9:LW10) -> 4 | LX11: =AVERAGE(LX9:LX10) -> 4.5 | LY11: =AVERAGE(LY9:LY10) -> 4.5 | LZ11: =AVERAGE(LZ9:LZ10) -> 4 | MA11: =AVERAGE(MA9:MA10) -> 4 | MB11: =AVERAGE(MB9:MB10) -> 4 | ... MX11: =AVERAGE(MX9:MX10) -> 4.5 | MZ11: =AVERAGE(MZ9:MZ10) -> 2.5 | NA11: =AVERAGE(NA9:NA10) -> 4.5 | NB11: =AVERAGE(NB9:NB10) -> 3.5 | NC11: =AVERAGE(NC9:NC10) -> 4.5 | ND11: =AVERAGE(ND9:ND10) -> 4.5 | NE11: =AVERAGE(NE9:NE10) -> 4.5 | NF11: =AVERAGE(NF9:NF10) -> 4.5 | NG11: =AVERAGE(NG9:NG10) -> 4.5 | ... OC11: =AVERAGE(OC9:OC10) -> 2.5 | OE11: =AVERAGE(OE9:OE10) -> 2.5 | OF11: =AVERAGE(OF9:OF10) -> 4.5 | OG11: =AVERAGE(OG9:OG10) -> 4.5 | OH11: =AVERAGE(OH9:OH10) -> 4.5 | OI11: =AVERAGE(OI9:OI10) -> 4.5 | OJ11: =AVERAGE(OJ9:OJ10) -> 4.5 | OK11: =AVERAGE(OK9:OK10) -> 4.5 | OL11: =AVERAGE(OL9:OL10) -> 4.5 | ... PH11: =AVERAGE(PH9:PH10) -> 5 | PJ11: =AVERAGE(PJ9:PJ10) -> 2 | PK11: =AVERAGE(PK9:PK10) -> 3.5 | PL11: =AVERAGE(PL9:PL10) -> 3.5 | PM11: =AVERAGE(PM9:PM10) -> 4.5 | PN11: =AVERAGE(PN9:PN10) -> 3.5 | PO11: =AVERAGE(PO9:PO10) -> 3.5 | PP11: =AVERAGE(PP9:PP10) -> 3.5 | PQ11: =AVERAGE(PQ9:PQ10) -> 5 | ... QM11: =AVERAGE(QM9:QM10) -> 3.5 | QO11: =AVERAGE(QO9:QO10) -> 1 | QP11: =AVERAGE(QP9:QP10) -> 4.5 | QQ11: =AVERAGE(QQ9:QQ10) -> 4 | QR11: =AVERAGE(QR9:QR10) -> 3.5 | QS11: =AVERAGE(QS9:QS10) -> 3 | QT11: =AVERAGE(QT9:QT10) -> 3.5 | QU11: =AVERAGE(QU9:QU10) -> 4.5 | QV11: =AVERAGE(QV9:QV10) -> 4 | ... RR11: =AVERAGE(RR9:RR10) -> 4 | RT11: =AVERAGE(RT9:RT10) -> 2.5 | RU11: =AVERAGE(RU9:RU10) -> 4 | RV11: =AVERAGE(RV9:RV10) -> 3.5 | RW11: =AVERAGE(RW9:RW10) -> 3.5 | RX11: =AVERAGE(RX9:RX10) -> 4.5 | RY11: =AVERAGE(RY9:RY10) -> 3.5 | RZ11: =AVERAGE(RZ9:RZ10) -> 4 | SA11: =AVERAGE(SA9:SA10) -> 4 | ... SW11: =AVERAGE(SW9:SW10) -> 4.5 | SY11: =AVERAGE(SY9:SY10) -> 1 | SZ11: =AVERAGE(SZ9:SZ10) -> 3.5 | TA11: =AVERAGE(TA9:TA10) -> 4 | TB11: =AVERAGE(TB9:TB10) -> 3.5 | TC11: =AVERAGE(TC9:TC10) -> 4 | TD11: =AVERAGE(TD9:TD10) -> 3.5 | TE11: =AVERAGE(TE9:TE10) -> 4 | TF11: =AVERAGE(TF9:TF10) -> 4 | ... UB11: =AVERAGE(UB9:UB10) -> 4 | UD11: =AVERAGE(UD9:UD10) -> 2 | UE11: =AVERAGE(UE9:UE10) -> 3.5 | UF11: =AVERAGE(UF9:UF10) -> 4 | UG11: =AVERAGE(UG9:UG10) -> 4.5 | UH11: =AVERAGE(UH9:UH10) -> 3.5 | UI11: =AVERAGE(UI9:UI10) -> 3.5 | UJ11: =AVERAGE(UJ9:UJ10) -> 3.5 | UK11: =AVERAGE(UK9:UK10) -> 3 | ... VG11: =AVERAGE(VG9:VG10) -> 2.5 | VI11: =AVERAGE(VI9:VI10) -> 3 | VJ11: =AVERAGE(VJ9:VJ10) -> 4.5 | VK11: =AVERAGE(VK9:VK10) -> 4.5 | VL11: =AVERAGE(VL9:VL10) -> 4 | VM11: =AVERAGE(VM9:VM10) -> 4.5 | VN11: =AVERAGE(VN9:VN10) -> 4 | VO11: =AVERAGE(VO9:VO10) -> 4.5 | VP11: =AVERAGE(VP9:VP10) -> 4.5 | ... WL11: =AVERAGE(WL9:WL10) -> 4.5 | WN11: =AVERAGE(WN9:WN10) -> 1 | WO11: =AVERAGE(WO9:WO10) -> 5 | WP11: =AVERAGE(WP9:WP10) -> 5 | WQ11: =AVERAGE(WQ9:WQ10) -> 4 | WR11: =AVERAGE(WR9:WR10) -> 4.5 | WS11: =AVERAGE(WS9:WS10) -> 5 | WT11: =AVERAGE(WT9:WT10) -> 5 | WU11: =AVERAGE(WU9:WU10) -> 4 | ... XQ11: =AVERAGE(XQ9:XQ10) -> 3 | XS11: =AVERAGE(XS9:XS10) -> 1 | XT11: =AVERAGE(XT9:XT10) -> 4 | XU11: =AVERAGE(XU9:XU10) -> 4 | XV11: =AVERAGE(XV9:XV10) -> 4 | XW11: =AVERAGE(XW9:XW10) -> 4 | XX11: =AVERAGE(XX9:XX10) -> 4 | XY11: =AVERAGE(XY9:XY10) -> 4 | XZ11: =AVERAGE(XZ9:XZ10) -> 4 | ... YV11: =AVERAGE(YV9:YV10) -> 3.5 | YX11: =AVERAGE(YX9:YX10) -> 1.5 | YY11: =AVERAGE(YY9:YY10) -> 4 | YZ11: =AVERAGE(YZ9:YZ10) -> 4.5 | ZA11: =AVERAGE(ZA9:ZA10) -> 4 | ZB11: =AVERAGE(ZB9:ZB10) -> 4.5 | ZC11: =AVERAGE(ZC9:ZC10) -> 4.5 | ZD11: =AVERAGE(ZD9:ZD10) -> 4 | ZE11: =AVERAGE(ZE9:ZE10) -> 4.5 | ... AAA11: =AVERAGE(AAA9:AAA10) -> 3.5 | AAC11: =AVERAGE(AAC9:AAC10) -> 2 | AAD11: =AVERAGE(AAD9:AAD10) -> 4.5 | AAE11: =AVERAGE(AAE9:AAE10) -> 4 | AAF11: =AVERAGE(AAF9:AAF10) -> 4 | AAG11: =AVERAGE(AAG9:AAG10) -> 4 | AAH11: =AVERAGE(AAH9:AAH10) -> 4 | AAI11: =AVERAGE(AAI9:AAI10) -> 4.5 | AAJ11: =AVERAGE(AAJ9:AAJ10) -> 4.5 | ... ABF11: =AVERAGE(ABF9:ABF10) -> 3.5 | ABH11: =AVERAGE(ABH9:ABH10) -> 1.5 | ABI11: =AVERAGE(ABI9:ABI10) -> 5 | ABJ11: =AVERAGE(ABJ9:ABJ10) -> 5 | ABK11: =AVERAGE(ABK9:ABK10) -> 5 | ABL11: =AVERAGE(ABL9:ABL10) -> 3.5 | ABM11: =AVERAGE(ABM9:ABM10) -> 5 | ABN11: =AVERAGE(ABN9:ABN10) -> 4.5 | ABO11: =AVERAGE(ABO9:ABO10) -> 5 | ... ACK11: =AVERAGE(ACK9:ACK10) -> 2.5 | ACM11: =AVERAGE(ACM9:ACM10) -> 1 | ACN11: =AVERAGE(ACN9:ACN10) -> 4 | ACO11: =AVERAGE(ACO9:ACO10) -> 4 | ACP11: =AVERAGE(ACP9:ACP10) -> 4.5 | ACQ11: =AVERAGE(ACQ9:ACQ10) -> 4 | ACR11: =AVERAGE(ACR9:ACR10) -> 4 | ACS11: =AVERAGE(ACS9:ACS10) -> 4 | ACT11: =AVERAGE(ACT9:ACT10) -> 4.5 | ... ADP11: =AVERAGE(ADP9:ADP10) -> 4.5 | ADR11: =AVERAGE(ADR9:ADR10) -> 2.5 | ADS11: =AVERAGE(ADS9:ADS10) -> 3 | ADT11: =AVERAGE(ADT9:ADT10) -> 4 | ADU11: =AVERAGE(ADU9:ADU10) -> 3 | ADV11: =AVERAGE(ADV9:ADV10) -> 3 | ADW11: =AVERAGE(ADW9:ADW10) -> 4 | ADX11: =AVERAGE(ADX9:ADX10) -> 3.5 | ADY11: =AVERAGE(ADY9:ADY10) -> 4 | ... AEU11: =AVERAGE(AEU9:AEU10) -> 3.5 | AEW11: =AVERAGE(AEW9:AEW10) -> 1 | AEX11: =AVERAGE(AEX9:AEX10) -> 4 | AEY11: =AVERAGE(AEY9:AEY10) -> 3.5 | AEZ11: =AVERAGE(AEZ9:AEZ10) -> 3.5 | AFA11: =AVERAGE(AFA9:AFA10) -> 4.5 | AFB11: =AVERAGE(AFB9:AFB10) -> 4 | AFC11: =AVERAGE(AFC9:AFC10) -> 4.5 | AFD11: =AVERAGE(AFD9:AFD10) -> 4 | ... AFZ11: =AVERAGE(AFZ9:AFZ10) -> 3.5 | AGB11: =AVERAGE(AGB9:AGB10) -> 2.5 | AGC11: =AVERAGE(AGC9:AGC10) -> 4 | AGD11: =AVERAGE(AGD9:AGD10) -> 4 | AGE11: =AVERAGE(AGE9:AGE10) -> 4 | AGF11: =AVERAGE(AGF9:AGF10) -> 3.5 | AGG11: =AVERAGE(AGG9:AGG10) -> 4 | AGH11: =AVERAGE(AGH9:AGH10) -> 4 | AGI11: =AVERAGE(AGI9:AGI10) -> 4 | ... AHE11: =AVERAGE(AHE9:AHE10) -> 4 | AHG11: =AVERAGE(AHG9:AHG10) -> 1 | AHH11: =AVERAGE(AHH9:AHH10) -> 3 | AHI11: =AVERAGE(AHI9:AHI10) -> 2.5 | AHJ11: =AVERAGE(AHJ9:AHJ10) -> 3.5 | AHK11: =AVERAGE(AHK9:AHK10) -> 3.5 | AHL11: =AVERAGE(AHL9:AHL10) -> 3.5 | AHM11: =AVERAGE(AHM9:AHM10) -> 3 | AHN11: =AVERAGE(AHN9:AHN10) -> 2.5 | ... AIJ11: =AVERAGE(AIJ9:AIJ10) -> 2.5 | AIL11: =AVERAGE(AIL9:AIL10) -> 1 | AIM11: =AVERAGE(AIM9:AIM10) -> 4 | AIN11: =AVERAGE(AIN9:AIN10) -> 4 | AIO11: =AVERAGE(AIO9:AIO10) -> 4.5 | AIP11: =AVERAGE(AIP9:AIP10) -> 3 | AIQ11: =AVERAGE(AIQ9:AIQ10) -> 4.5 | AIR11: =AVERAGE(AIR9:AIR10) -> 3.5 | AIS11: =AVERAGE(AIS9:AIS10) -> 3.5 | ... AJO11: =AVERAGE(AJO9:AJO10) -> 2 | AJQ11: =AVERAGE(AJQ9:AJQ10) -> 1.5 | AJR11: =AVERAGE(AJR9:AJR10) -> 2 | AJS11: =AVERAGE(AJS9:AJS10) -> 2.5 | AJT11: =AVERAGE(AJT9:AJT10) -> 4.5 | AJU11: =AVERAGE(AJU9:AJU10) -> 2 | AJV11: =AVERAGE(AJV9:AJV10) -> 2.5 | AJW11: =AVERAGE(AJW9:AJW10) -> 2 | AJX11: =AVERAGE(AJX9:AJX10) -> 4.5 | ... AKT11: =AVERAGE(AKT9:AKT10) -> 2.5 | AKV11: =AVERAGE(AKV9:AKV10) -> 1 | AKW11: =AVERAGE(AKW9:AKW10) -> 5 | AKX11: =AVERAGE(AKX9:AKX10) -> 5 | AKY11: =AVERAGE(AKY9:AKY10) -> 5 | AKZ11: =AVERAGE(AKZ9:AKZ10) -> 5 | ALA11: =AVERAGE(ALA9:ALA10) -> 5 | ALB11: =AVERAGE(ALB9:ALB10) -> 5 | ALC11: =AVERAGE(ALC9:ALC10) -> 5 | ... ALY11: =AVERAGE(ALY9:ALY10) -> 5 | AMA11: =AVERAGE(AMA9:AMA10) -> 1 | AMB11: =AVERAGE(AMB9:AMB10) -> 1.5 | AMC11: =AVERAGE(AMC9:AMC10) -> 4.5 | AMD11: =AVERAGE(AMD9:AMD10) -> 4.5 | AME11: =AVERAGE(AME9:AME10) -> 4 | AMF11: =AVERAGE(AMF9:AMF10) -> 4.5 | AMG11: =AVERAGE(AMG9:AMG10) -> 1.5 | AMH11: =AVERAGE(AMH9:AMH10) -> 1.5 | ... AND11: =AVERAGE(AND9:AND10) -> 2.5 | ANF11: =AVERAGE(ANF9:ANF10) -> 1 | ANG11: =AVERAGE(ANG9:ANG10) -> 3.5 | ANH11: =AVERAGE(ANH9:ANH10) -> 4 | ANI11: =AVERAGE(ANI9:ANI10) -> 4 | ANJ11: =AVERAGE(ANJ9:ANJ10) -> 3 | ANK11: =AVERAGE(ANK9:ANK10) -> 3 | ANL11: =AVERAGE(ANL9:ANL10) -> 3.5 | ANM11: =AVERAGE(ANM9:ANM10) -> 5 | ... AOI11: =AVERAGE(AOI9:AOI10) -> 2.5 | AOK11: =AVERAGE(AOK9:AOK10) -> 2 | AOL11: =AVERAGE(AOL9:AOL10) -> 4.5 | AOM11: =AVERAGE(AOM9:AOM10) -> 4.5 | AON11: =AVERAGE(AON9:AON10) -> 4.5 | AOO11: =AVERAGE(AOO9:AOO10) -> 4.5 | AOP11: =AVERAGE(AOP9:AOP10) -> 4.5 | AOQ11: =AVERAGE(AOQ9:AOQ10) -> 4.5 | AOR11: =AVERAGE(AOR9:AOR10) -> 4.5 | ... APN11: =AVERAGE(APN9:APN10) -> 4.5
A13: R_4j8JKJ7Qv9Manst | B13: FAST-DS | C13: 5511 | E13: 2 | F13: 5 | G13: 2 | H13: 2 | I13: 4 | J13: 5 | K13: 5 | L13: 5 | M13: 5 | N13: 2 | O13: 3 | P13: 3 | Q13: 2 | R13: 1 | S13: 4 | T13: 1 | U13: 4 | V13: 1 | W13: 2 | X13: 1 | Y13: 3 | Z13: 2 | AA13: 4 | AB13: 4 | AC13: 3 | AD13: 1 | AE13: 1 | AF13: 1 | AG13: 2 | AH13: 4 | AI13: 2 | AJ13: 1 | AK13: 1 | AM13: 1 | AN13: 5 | AO13: 5 | AP13: 5 | AQ13: 5 | AR13: 5 | AS13: 5 | AT13: 5 | AU13: 5 | AV13: 5 | AW13: 2 | AX13: 5 | AY13: 5 | AZ13: 5 | BA13: 5 | BB13: 5 | BC13: 5 | BD13: 5 | BE13: 1 | BF13: 1 | BG13: 4 | BH13: 4 | BI13: 4 | BJ13: 5 | BK13: 5 | BL13: 1 | BM13: 1 | BN13: 3 | BO13: 1 | BP13: 4 | BQ13: 1 | BR13: 1 | BS13: 1 | BU13: 3 | BV13: 2 | BW13: 2 | BX13: 4 | BY13: 2 | BZ13: 2 | CA13: 2 | CB13: 2 | CC13: 2 | CD13: 2 | CE13: 5 | CF13: 2 | CG13: 2 | CH13: 2 | CI13: 4 | CJ13: 2 | CK13: 4 | CL13: 2 | CM13: 1 | CN13: 2 | CO13: 3 | CP13: 3 | CQ13: 3 | CR13: 2 | CS13: 4 | CT13: 3 | CU13: 3 | CV13: 2 | CW13: 4 | CX13: 1 | CY13: 5 | CZ13: 5 | DA13: 5 | DC13: 1 | DD13: 4 | DE13: 2 | DF13: 3 | DG13: 3 | DH13: 3 | DI13: 4 | DJ13: 5 | DK13: 4 | DL13: 3 | DM13: 2 | DN13: 3 | DO13: 2 | DP13: 1 | DQ13: 5 | DR13: 4 | DS13: 5 | DT13: 3 | DU13: 4 | DV13: 4 | DW13: 4 | DX13: 4 | DY13: 4 | DZ13: 4 | EA13: 4 | EB13: 2 | EC13: 2 | ED13: 3 | EE13: 3 | EF13: 2 | EG13: 3 | EH13: 3 | EI13: 3 | EK13: 3 | EL13: 4 | EM13: 4 | EN13: 4 | EO13: 4 | EP13: 4 | EQ13: 4 | ER13: 4 | ES13: 3 | ET13: 3 | EU13: 4 | EV13: 2 | EW13: 4 | EX13: 2 | EY13: 1 | EZ13: 3 | FA13: 3 | FB13: 4 | FC13: 1 | FD13: 4 | FE13: 4 | FF13: 3 | FG13: 4 | FH13: 3 | FI13: 2 | FJ13: 3 | FK13: 3 | FL13: 4 | FM13: 4 | FN13: 4 | FO13: 4 | FP13: 4 | FQ13: 4 | FS13: 1 | FT13: 4 | FU13: 5 | FV13: 4 | FW13: 5 | FX13: 5 | FY13: 5 | FZ13: 4 | GA13: 5 | GB13: 4 | GC13: 5 | GD13: 1 | GE13: 1 | GF13: 4 | GG13: 4 | GH13: 1 | GI13: 2 | GJ13: 4 | GK13: 2 | GL13: 1 | GM13: 1 | GN13: 1 | GO13: 4 | GP13: 5 | GQ13: 5 | GR13: 4 | GS13: 4 | GT13: 2 | GU13: 4 | GV13: 5 | GW13: 4 | GX13: 4 | GY13: 4 | HA13: 2 | HB13: 4 | HC13: 4 | HD13: 4 | HE13: 4 | HF13: 4 | HG13: 4 | HH13: 4 | HI13: 4 | HJ13: 4 | HK13: 4 | HL13: 4 | HM13: 2 | HN13: 2 | HO13: 3 | HP13: 3 | HQ13: 2 | HR13: 1 | HS13: 1 | HT13: 1 | HU13: 3 | HV13: 4 | HW13: 2 | HX13: 5 | HY13: 2 | HZ13: 2 | IA13: 2 | IB13: 2 | IC13: 2 | ID13: 5 | IF13: 2 | IG13: 4 | IH13: 5 | II13: 5 | IJ13: 2 | IK13: 4 | IL13: 5 | IM13: 5 | IN13: 4 | IO13: 4 | IP13: 4 | IQ13: 2 | IR13: 5 | IS13: 3 | IT13: 2 | IU13: 2 | IV13: 3 | IW13: 4 | IX13: 4 | IY13: 4 | IZ13: 4 | JA13: 2 | JB13: 2 | JC13: 2 | JD13: 2 | JE13: 1 | JF13: 1 | JG13: 1 | JH13: 3 | JI13: 4 | JK13: 1 | JL13: 3 | JM13: 3 | JN13: 3 | JO13: 3 | JP13: 3 | JQ13: 3 | JR13: 3 | JS13: 3 | JT13: 3 | JU13: 4 | JV13: 1 | JW13: 4 | JX13: 3 | JY13: 3 | JZ13: 3 | KA13: 3 | KB13: 2 | KC13: 2 | KD13: 1 | KE13: 3 | KF13: 1 | KG13: 4 | KH13: 3 | KI13: 3 | KJ13: 3 | KK13: 4 | KL13: 3 | KM13: 4 | KN13: 3 | KP13: 3 | KQ13: 5 | KR13: 5 | KS13: 5 | KT13: 5 | KU13: 5 | KV13: 5 | KW13: 5 | KX13: 5 | KY13: 5 | KZ13: 3 | LA13: 4 | LB13: 4 | LC13: 4 | LD13: 3 | LE13: 4 | LF13: 5 | LG13: 4 | LH13: 4 | LI13: 4 | LJ13: 2 | LK13: 3 | LL13: 3 | LM13: 1 | LN13: 5 | LO13: 1 | LP13: 3 | LQ13: 1 | LR13: 3 | LS13: 5 | LU13: 1 | LV13: 4 | LW13: 5 | LX13: 4 | LY13: 4 | LZ13: 4 | MA13: 5 | MB13: 5 | MC13: 4 | MD13: 4 | ME13: 4 | MF13: 5 | MG13: 2 | MH13: 3 | MI13: 4 | MJ13: 5 | MK13: 4 | ML13: 3 | MM13: 3 | MN13: 3 | MO13: 3 | MP13: 1 | MQ13: 5 | MR13: 4 | MS13: 5 | MT13: 3 | MU13: 2 | MV13: 1 | MW13: 4 | MX13: 5 | MZ13: 4 | NA13: 2 | NB13: 4 | NC13: 2 | ND13: 2 | NE13: 2 | NF13: 2 | NG13: 2 | NH13: 2 | NI13: 4 | NJ13: 4 | NK13: 1 | NL13: 2 | NM13: 1 | NN13: 1 | NO13: 1 | NP13: 1 | NQ13: 2 | NR13: 1 | NS13: 2 | NT13: 3 | NU13: 3 | NV13: 4 | NW13: 4 | NX13: 4 | NY13: 1 | NZ13: 1 | OA13: 2 | OB13: 2 | OC13: 5 | OE13: 1 | OF13: 4 | OG13: 4 | OH13: 4 | OI13: 4 | OJ13: 4 | OK13: 4 | OL13: 4 | OM13: 4 | ON13: 4 | OO13: 3 | OP13: 2 | OQ13: 2 | OR13: 1 | OS13: 2 | OT13: 2 | OU13: 1 | OV13: 2 | OW13: 1 | OX13: 1 | OY13: 3 | OZ13: 4 | PA13: 2 | PB13: 2 | PC13: 3 | PD13: 2 | PE13: 2 | PF13: 3 | PG13: 4 | PH13: 2 | PJ13: 1 | PK13: 1 | PL13: 1 | PM13: 2 | PN13: 4 | PO13: 1 | PP13: 2 | PQ13: 5 | PR13: 4 | PS13: 4 | PT13: 1 | PU13: 4 | PV13: 1 | PW13: 3 | PX13: 1 | PY13: 1 | PZ13: 1 | QA13: 1 | QB13: 4 | QC13: 2 | QD13: 3 | QE13: 3 | QF13: 4 | QG13: 1 | QH13: 1 | QI13: 2 | QJ13: 3 | QK13: 3 | QL13: 4 | QM13: 1 | QO13: 2 | QP13: 4 | QQ13: 5 | QR13: 2 | QS13: 2 | QT13: 4 | QU13: 2 | QV13: 2 | QW13: 5 | QX13: 3 | QY13: 2 | QZ13: 2 | RA13: 2 | RB13: 1 | RC13: 4 | RD13: 3 | RE13: 4 | RF13: 1 | RG13: 1 | RH13: 1 | RI13: 3 | RJ13: 3 | RK13: 2 | RL13: 1 | RM13: 2 | RN13: 1 | RO13: 1 | RP13: 1 | RQ13: 5 | RR13: 2 | RT13: 1 | RU13: 2 | RV13: 2 | RW13: 2 | RX13: 2 | RY13: 2 | RZ13: 2 | SA13: 2 | SB13: 2 | SC13: 1 | SD13: 2 | SE13: 1 | SF13: 2 | SG13: 2 | SH13: 5 | SI13: 4 | SJ13: 5 | SK13: 2 | SL13: 2 | SM13: 1 | SN13: 2 | SO13: 2 | SP13: 2 | SQ13: 3 | SR13: 1 | SS13: 2 | ST13: 2 | SU13: 3 | SV13: 2 | SW13: 1 | SY13: 1 | SZ13: 4 | TA13: 4 | TB13: 3 | TC13: 4 | TD13: 4 | TE13: 4 | TF13: 3 | TG13: 3 | TH13: 3 | TI13: 3 | TJ13: 4 | TK13: 2 | TL13: 1 | TM13: 5 | TN13: 1 | TO13: 5 | TP13: 4 | TQ13: 3 | TR13: 3 | TS13: 4 | TT13: 1 | TU13: 2 | TV13: 3 | TW13: 2 | TX13: 2 | TY13: 3 | TZ13: 1 | UA13: 2 | UB13: 4 | UD13: 2 | UE13: 3 | UF13: 3 | UG13: 3 | UH13: 3 | UI13: 4 | UJ13: 3 | UK13: 3 | UL13: 4 | UM13: 4 | UN13: 3 | UO13: 3 | UP13: 1 | UQ13: 3 | UR13: 1 | US13: 3 | UT13: 5 | UU13: 3 | UV13: 1 | UW13: 2 | UX13: 2 | UY13: 4 | UZ13: 2 | VA13: 3 | VB13: 5 | VC13: 1 | VD13: 2 | VE13: 1 | VF13: 3 | VG13: 5 | VI13: 4 | VJ13: 2 | VK13: 2 | VL13: 2 | VM13: 1 | VN13: 2 | VO13: 1 | VP13: 2 | VQ13: 2 | VR13: 1 | VS13: 2 | VT13: 5 | VU13: 5 | VV13: 2 | VW13: 5 | VX13: 5 | VY13: 3 | VZ13: 4 | WA13: 3 | WB13: 4 | WC13: 1 | WD13: 2 | WE13: 2 | WF13: 1 | WG13: 4 | WH13: 3 | WI13: 3 | WJ13: 1 | WK13: 4 | WL13: 5 | WN13: 1 | WO13: 5 | WP13: 5 | WQ13: 4 | WR13: 5 | WS13: 5 | WT13: 5 | WU13: 5 | WV13: 5 | WW13: 5 | WX13: 4 | WY13: 1 | WZ13: 2 | XA13: 4 | XB13: 3 | XC13: 1 | XD13: 2 | XE13: 4 | XF13: 4 | XG13: 4 | XH13: 2 | XI13: 3 | XJ13: 3 | XK13: 1 | XL13: 5 | XM13: 2 | XN13: 3 | XO13: 2 | XP13: 3 | XQ13: 4 | XS13: 1 | XT13: 4 | XU13: 5 | XV13: 4 | XW13: 4 | XX13: 2 | XY13: 3 | XZ13: 5 | YA13: 4 | YB13: 2 | YC13: 3 | YD13: 5 | YE13: 4 | YF13: 5 | YG13: 4 | YH13: 4 | YI13: 5 | YJ13: 2 | YK13: 2 | YL13: 4 | YM13: 3 | YN13: 4 | YO13: 5 | YP13: 4 | YQ13: 4 | YR13: 1 | YS13: 2 | YT13: 2 | YU13: 4 | YV13: 5 | YX13: 2 | YY13: 4 | YZ13: 4 | ZA13: 4 | ZB13: 4 | ZC13: 4 | ZD13: 4 | ZE13: 4 | ZF13: 4 | ZG13: 1 | ZH13: 4 | ZI13: 2 | ZJ13: 1 | ZK13: 1 | ZL13: 1 | ZM13: 1 | ZN13: 1 | ZO13: 4 | ZP13: 4 | ZQ13: 4 | ZR13: 4 | ZS13: 1 | ZT13: 1 | ZU13: 1 | ZV13: 3 | ZW13: 4 | ZX13: 4 | ZY13: 3 | ZZ13: 4 | AAA13: 2 | AAC13: 3 | AAD13: 5 | AAE13: 4 | AAF13: 3 | AAG13: 4 | AAH13: 4 | AAI13: 4 | AAJ13: 4 | AAK13: 4 | AAL13: 2 | AAM13: 4 | AAN13: 5 | AAO13: 5 | AAP13: 5 | AAQ13: 5 | AAR13: 3 | AAS13: 2 | AAT13: 5 | AAU13: 5 | AAV13: 5 | AAW13: 3 | AAX13: 1 | AAY13: 5 | AAZ13: 3 | ABA13: 4 | ABB13: 3 | ABC13: 4 | ABD13: 2 | ABE13: 4 | ABF13: 5 | ABH13: 3 | ABI13: 5 | ABJ13: 4 | ABK13: 5 | ABL13: 2 | ABM13: 3 | ABN13: 5 | ABO13: 5 | ABP13: 3 | ABQ13: 4 | ABR13: 4 | ABS13: 5 | ABT13: 2 | ABU13: 4 | ABV13: 1 | ABW13: 1 | ABX13: 4 | ABY13: 3 | ABZ13: 3 | ACA13: 3 | ACB13: 4 | ACC13: 2 | ACD13: 4 | ACE13: 1 | ACF13: 3 | ACG13: 1 | ACH13: 2 | ACI13: 2 | ACJ13: 3 | ACK13: 3 | ACM13: 1 | ACN13: 4 | ACO13: 5 | ACP13: 5 | ACQ13: 5 | ACR13: 5 | ACS13: 4 | ACT13: 5 | ACU13: 4 | ACV13: 4 | ACW13: 5 | ACX13: 1 | ACY13: 2 | ACZ13: 2 | ADA13: 4 | ADB13: 2 | ADC13: 4 | ADD13: 1 | ADE13: 4 | ADF13: 1 | ADG13: 2 | ADH13: 1 | ADI13: 4 | ADJ13: 3 | ADK13: 4 | ADL13: 1 | ADM13: 4 | ADN13: 3 | ADO13: 3 | ADP13: 4 | ADR13: 4 | ADS13: 4 | ADT13: 3 | ADU13: 4 | ADV13: 4 | ADW13: 3 | ADX13: 4 | ADY13: 4 | ADZ13: 4 | AEA13: 4 | AEB13: 1 | AEC13: 4 | AED13: 4 | AEE13: 4 | AEF13: 4 | AEG13: 1 | AEH13: 4 | AEI13: 1 | AEJ13: 2 | AEK13: 1 | AEL13: 4 | AEM13: 2 | AEN13: 2 | AEO13: 3 | AEP13: 3 | AEQ13: 1 | AER13: 2 | AES13: 4 | AET13: 2 | AEU13: 4 | AEW13: 1 | AEX13: 4 | AEY13: 3 | AEZ13: 4 | AFA13: 5 | AFB13: 3 | AFC13: 4 | AFD13: 4 | AFE13: 4 | AFF13: 4 | AFG13: 4 | AFH13: 2 | AFI13: 1 | AFJ13: 2 | AFK13: 2 | AFL13: 3 | AFM13: 3 | AFN13: 1 | AFO13: 2 | AFP13: 2 | AFQ13: 2 | AFR13: 1 | AFS13: 3 | AFT13: 4 | AFU13: 1 | AFV13: 2 | AFW13: 2 | AFX13: 3 | AFY13: 2 | AFZ13: 3 | AGB13: 3 | AGC13: 3 | AGD13: 2 | AGE13: 4 | AGF13: 2 | AGG13: 1 | AGH13: 2 | AGI13: 5 | AGJ13: 2 | AGK13: 5 | AGL13: 1 | AGM13: 1 | AGN13: 1 | AGO13: 1 | AGP13: 1 | AGQ13: 4 | AGR13: 5 | AGS13: 1 | AGT13: 3 | AGU13: 1 | AGV13: 4 | AGW13: 2 | AGX13: 4 | AGY13: 4 | AGZ13: 3 | AHA13: 3 | AHB13: 3 | AHC13: 1 | AHD13: 4 | AHE13: 5 | AHG13: 1 | AHH13: 4 | AHI13: 4 | AHJ13: 4 | AHK13: 4 | AHL13: 5 | AHM13: 4 | AHN13: 5 | AHO13: 4 | AHP13: 2 | AHQ13: 4 | AHR13: 1 | AHS13: 3 | AHT13: 1 | AHU13: 3 | AHV13: 1 | AHW13: 4 | AHX13: 1 | AHY13: 1 | AHZ13: 1 | AIA13: 4 | AIB13: 3 | AIC13: 4 | AID13: 4 | AIE13: 4 | AIF13: 1 | AIG13: 1 | AIH13: 4 | AII13: 1 | AIJ13: 4 | AIL13: 1 | AIM13: 5 | AIN13: 5 | AIO13: 2 | AIP13: 2 | AIQ13: 3 | AIR13: 5 | AIS13: 5 | AIT13: 5 | AIU13: 4 | AIV13: 5 | AIW13: 5 | AIX13: 1 | AIY13: 1 | AIZ13: 1 | AJA13: 5 | AJB13: 4 | AJC13: 1 | AJD13: 1 | AJE13: 1 | AJF13: 4 | AJG13: 1 | AJH13: 4 | AJI13: 1 | AJJ13: 4 | AJK13: 1 | AJL13: 4 | AJM13: 2 | AJN13: 5 | AJO13: 1 | AJQ13: 1 | AJR13: 1 | AJS13: 3 | AJT13: 2 | AJU13: 2 | AJV13: 2 | AJW13: 3 | AJX13: 3 | AJY13: 2 | AJZ13: 2 | AKA13: 3 | AKB13: 2 | AKC13: 4 | AKD13: 2 | AKE13: 5 | AKF13: 4 | AKG13: 5 | AKH13: 2 | AKI13: 2 | AKJ13: 2 | AKK13: 3 | AKL13: 3 | AKM13: 2 | AKN13: 2 | AKO13: 1 | AKP13: 1 | AKQ13: 1 | AKR13: 2 | AKS13: 1 | AKT13: 1 | AKV13: 1 | AKW13: 3 | AKX13: 3 | AKY13: 3 | AKZ13: 3 | ALA13: 3 | ALB13: 3 | ALC13: 3 | ALD13: 3 | ALE13: 3 | ALF13: 3 | ALG13: 3 | ALH13: 3 | ALI13: 3 | ALJ13: 1 | ALK13: 1 | ALL13: 3 | ALM13: 3 | ALN13: 1 | ALO13: 3 | ALP13: 3 | ALQ13: 3 | ALR13: 3 | ALS13: 4 | ALT13: 2 | ALU13: 3 | ALV13: 3 | ALW13: 3 | ALX13: 3 | ALY13: 3 | AMA13: 1 | AMB13: 1 | AMC13: 4 | AMD13: 4 | AME13: 4 | AMF13: 4 | AMG13: 1 | AMH13: 1 | AMI13: 1 | AMJ13: 1 | AMK13: 4 | AML13: 4 | AMM13: 3 | AMN13: 1 | AMO13: 4 | AMP13: 3 | AMQ13: 5 | AMR13: 1 | AMS13: 1 | AMT13: 1 | AMU13: 3 | AMV13: 2 | AMW13: 4 | AMX13: 2 | AMY13: 1 | AMZ13: 2 | ANA13: 1 | ANB13: 1 | ANC13: 3 | AND13: 2 | ANF13: 1 | ANG13: 4 | ANH13: 3 | ANI13: 5 | ANJ13: 3 | ANK13: 4 | ANL13: 3 | ANM13: 5 | ANN13: 4 | ANO13: 3 | ANP13: 4 | ANQ13: 5 | ANR13: 1 | ANS13: 1 | ANT13: 2 | ANU13: 2 | ANV13: 5 | ANW13: 3 | ANX13: 5 | ANY13: 5 | ANZ13: 3 | AOA13: 3 | AOB13: 4 | AOC13: 3 | AOD13: 4 | AOE13: 2 | AOF13: 3 | AOG13: 3 | AOH13: 1 | AOI13: 5 | AOK13: 1 | AOL13: 4 | AOM13: 4 | AON13: 5 | AOO13: 4 | AOP13: 4 | AOQ13: 3 | AOR13: 5 | AOS13: 2 | AOT13: 4 | AOU13: 3 | AOV13: 4 | AOW13: 3 | AOX13: 5 | AOY13: 4 | AOZ13: 5 | APA13: 2 | APB13: 5 | APC13: 5 | APD13: 5 | APE13: 3 | APF13: 2 | APG13: 4 | APH13: 4 | API13: 3 | APJ13: 2 | APK13: 4 | APL13: 2 | APM13: 5 | APN13: 4
A14: R_2SQBoP0rRIQcD7z | B14: FAST-DS | C14: 60081 | E14: 2 | F14: 3 | G14: 4 | H14: 3 | I14: 4 | J14: 3 | K14: 4 | L14: 4 | M14: 3 | N14: 4 | O14: 3 | P14: 1 | Q14: 1 | R14: 1 | S14: 2 | T14: 1 | U14: 1 | V14: 4 | W14: 5 | X14: 1 | Y14: 3 | Z14: 3 | AA14: 3 | AB14: 3 | AC14: 3 | AD14: 2 | AE14: 2 | AF14: 3 | AG14: 2 | AH14: 5 | AI14: 2 | AJ14: 2 | AK14: 2 | AM14: 1 | AN14: 4 | AO14: 4 | AP14: 5 | AQ14: 4 | AR14: 4 | AS14: 4 | AT14: 4 | AU14: 3 | AV14: 4 | AW14: 4 | AX14: 1 | AY14: 4 | AZ14: 4 | BA14: 5 | BB14: 4 | BC14: 4 | BD14: 3 | BE14: 1 | BF14: 1 | BG14: 4 | BH14: 4 | BI14: 3 | BJ14: 4 | BK14: 5 | BL14: 3 | BM14: 3 | BN14: 2 | BO14: 3 | BP14: 4 | BQ14: 3 | BR14: 3 | BS14: 3 | BU14: 2 | BV14: 3 | BW14: 3 | BX14: 4 | BY14: 2 | BZ14: 3 | CA14: 3 | CB14: 3 | CC14: 3 | CD14: 2 | CE14: 3 | CF14: 2 | CG14: 4 | CH14: 1 | CI14: 3 | CJ14: 1 | CK14: 5 | CL14: 3 | CM14: 1 | CN14: 3 | CO14: 3 | CP14: 3 | CQ14: 3 | CR14: 2 | CS14: 3 | CT14: 3 | CU14: 3 | CV14: 2 | CW14: 3 | CX14: 1 | CY14: 4 | CZ14: 4 | DA14: 4 | DC14: 1 | DD14: 4 | DE14: 4 | DF14: 4 | DG14: 3 | DH14: 4 | DI14: 4 | DJ14: 5 | DK14: 4 | DL14: 4 | DM14: 4 | DN14: 1 | DO14: 4 | DP14: 1 | DQ14: 3 | DR14: 1 | DS14: 5 | DT14: 3 | DU14: 5 | DV14: 2 | DW14: 4 | DX14: 3 | DY14: 4 | DZ14: 3 | EA14: 4 | EB14: 5 | EC14: 4 | ED14: 3 | EE14: 4 | EF14: 5 | EG14: 3 | EH14: 4 | EI14: 4 | EK14: 1 | EL14: 4 | EM14: 4 | EN14: 4 | EO14: 4 | EP14: 4 | EQ14: 4 | ER14: 4 | ES14: 4 | ET14: 4 | EU14: 4 | EV14: 2 | EW14: 2 | EX14: 3 | EY14: 1 | EZ14: 1 | FA14: 1 | FB14: 3 | FC14: 1 | FD14: 3 | FE14: 3 | FF14: 3 | FG14: 4 | FH14: 1 | FI14: 3 | FJ14: 4 | FK14: 4 | FL14: 3 | FM14: 4 | FN14: 4 | FO14: 5 | FP14: 5 | FQ14: 5 | FS14: 1 | FT14: 3 | FU14: 3 | FV14: 4 | FW14: 3 | FX14: 4 | FY14: 3 | FZ14: 4 | GA14: 4 | GB14: 4 | GC14: 3 | GD14: 1 | GE14: 1 | GF14: 1 | GG14: 2 | GH14: 1 | GI14: 2 | GJ14: 3 | GK14: 2 | GL14: 1 | GM14: 1 | GN14: 1 | GO14: 3 | GP14: 4 | GQ14: 4 | GR14: 3 | GS14: 3 | GT14: 3 | GU14: 4 | GV14: 4 | GW14: 4 | GX14: 4 | GY14: 4 | HA14: 1 | HB14: 4 | HC14: 4 | HD14: 4 | HE14: 4 | HF14: 4 | HG14: 4 | HH14: 3 | HI14: 4 | HJ14: 4 | HK14: 4 | HL14: 3 | HM14: 3 | HN14: 2 | HO14: 2 | HP14: 3 | HQ14: 2 | HR14: 1 | HS14: 1 | HT14: 1 | HU14: 3 | HV14: 3 | HW14: 3 | HX14: 4 | HY14: 3 | HZ14: 3 | IA14: 3 | IB14: 3 | IC14: 3 | ID14: 3 | IF14: 2 | IG14: 3 | IH14: 3 | II14: 3 | IJ14: 3 | IK14: 4 | IL14: 3 | IM14: 3 | IN14: 4 | IO14: 4 | IP14: 4 | IQ14: 3 | IR14: 4 | IS14: 3 | IT14: 2 | IU14: 1 | IV14: 3 | IW14: 1 | IX14: 2 | IY14: 3 | IZ14: 4 | JA14: 2 | JB14: 3 | JC14: 3 | JD14: 4 | JE14: 1 | JF14: 1 | JG14: 3 | JH14: 1 | JI14: 4 | JK14: 2 | JL14: 3 | JM14: 2 | JN14: 3 | JO14: 3 | JP14: 3 | JQ14: 3 | JR14: 3 | JS14: 3 | JT14: 3 | JU14: 3 | JV14: 1 | JW14: 3 | JX14: 2 | JY14: 2 | JZ14: 4 | KA14: 2 | KB14: 2 | KC14: 3 | KD14: 3 | KE14: 3 | KF14: 3 | KG14: 3 | KH14: 3 | KI14: 3 | KJ14: 3 | KK14: 3 | KL14: 3 | KM14: 4 | KN14: 3 | KP14: 4 | KQ14: 3 | KR14: 3 | KS14: 4 | KT14: 3 | KU14: 4 | KV14: 3 | KW14: 3 | KX14: 4 | KY14: 4 | KZ14: 4 | LA14: 3 | LB14: 3 | LC14: 2 | LD14: 1 | LE14: 1 | LF14: 5 | LG14: 4 | LH14: 4 | LI14: 4 | LJ14: 2 | LK14: 2 | LL14: 2 | LM14: 2 | LN14: 3 | LO14: 2 | LP14: 2 | LQ14: 2 | LR14: 2 | LS14: 4 | LU14: 1 | LV14: 3 | LW14: 4 | LX14: 4 | LY14: 4 | LZ14: 4 | MA14: 4 | MB14: 5 | MC14: 4 | MD14: 3 | ME14: 3 | MF14: 4 | MG14: 1 | MH14: 2 | MI14: 1 | MJ14: 1 | MK14: 3 | ML14: 4 | MM14: 4 | MN14: 4 | MO14: 3 | MP14: 3 | MQ14: 3 | MR14: 1 | MS14: 4 | MT14: 2 | MU14: 2 | MV14: 3 | MW14: 1 | MX14: 5 | MZ14: 3 | NA14: 3 | NB14: 3 | NC14: 4 | ND14: 4 | NE14: 4 | NF14: 4 | NG14: 3 | NH14: 3 | NI14: 4 | NJ14: 3 | NK14: 4 | NL14: 1 | NM14: 4 | NN14: 3 | NO14: 2 | NP14: 3 | NQ14: 3 | NR14: 3 | NS14: 3 | NT14: 3 | NU14: 3 | NV14: 4 | NW14: 4 | NX14: 4 | NY14: 3 | NZ14: 3 | OA14: 2 | OB14: 3 | OC14: 5 | OE14: 4 | OF14: 3 | OG14: 3 | OH14: 3 | OI14: 3 | OJ14: 3 | OK14: 3 | OL14: 3 | OM14: 3 | ON14: 3 | OO14: 3 | OP14: 2 | OQ14: 1 | OR14: 1 | OS14: 3 | OT14: 3 | OU14: 1 | OV14: 1 | OW14: 1 | OX14: 1 | OY14: 3 | OZ14: 3 | PA14: 3 | PB14: 2 | PC14: 3 | PD14: 3 | PE14: 3 | PF14: 2 | PG14: 2 | PH14: 2 | PJ14: 4 | PK14: 3 | PL14: 3 | PM14: 4 | PN14: 3 | PO14: 3 | PP14: 3 | PQ14: 5 | PR14: 4 | PS14: 3 | PT14: 3 | PU14: 3 | PV14: 1 | PW14: 1 | PX14: 1 | PY14: 1 | PZ14: 4 | QA14: 5 | QB14: 5 | QC14: 2 | QD14: 3 | QE14: 3 | QF14: 3 | QG14: 3 | QH14: 3 | QI14: 3 | QJ14: 4 | QK14: 3 | QL14: 5 | QM14: 4 | QO14: 1 | QP14: 5 | QQ14: 4 | QR14: 3 | QS14: 3 | QT14: 4 | QU14: 4 | QV14: 4 | QW14: 5 | QX14: 3 | QY14: 3 | QZ14: 1 | RA14: 4 | RB14: 2 | RC14: 5 | RD14: 4 | RE14: 4 | RF14: 1 | RG14: 1 | RH14: 1 | RI14: 2 | RJ14: 3 | RK14: 2 | RL14: 2 | RM14: 3 | RN14: 2 | RO14: 2 | RP14: 2 | RQ14: 3 | RR14: 4 | RT14: 3 | RU14: 5 | RV14: 3 | RW14: 4 | RX14: 3 | RY14: 4 | RZ14: 4 | SA14: 4 | SB14: 3 | SC14: 3 | SD14: 3 | SE14: 4 | SF14: 1 | SG14: 3 | SH14: 3 | SI14: 4 | SJ14: 4 | SK14: 1 | SL14: 1 | SM14: 1 | SN14: 2 | SO14: 2 | SP14: 3 | SQ14: 3 | SR14: 2 | SS14: 1 | ST14: 1 | SU14: 4 | SV14: 1 | SW14: 4 | SY14: 1 | SZ14: 4 | TA14: 3 | TB14: 3 | TC14: 3 | TD14: 4 | TE14: 4 | TF14: 3 | TG14: 4 | TH14: 3 | TI14: 3 | TJ14: 4 | TK14: 1 | TL14: 1 | TM14: 3 | TN14: 2 | TO14: 3 | TP14: 1 | TQ14: 4 | TR14: 4 | TS14: 3 | TT14: 2 | TU14: 3 | TV14: 2 | TW14: 4 | TX14: 3 | TY14: 3 | TZ14: 3 | UA14: 4 | UB14: 3 | UD14: 1 | UE14: 3 | UF14: 4 | UG14: 4 | UH14: 3 | UI14: 4 | UJ14: 3 | UK14: 3 | UL14: 3 | UM14: 3 | UN14: 3 | UO14: 3 | UP14: 4 | UQ14: 4 | UR14: 2 | US14: 4 | UT14: 4 | UU14: 4 | UV14: 4 | UW14: 4 | UX14: 4 | UY14: 4 | UZ14: 4 | VA14: 3 | VB14: 3 | VC14: 1 | VD14: 1 | VE14: 3 | VF14: 3 | VG14: 4 | VI14: 3 | VJ14: 4 | VK14: 4 | VL14: 4 | VM14: 3 | VN14: 3 | VO14: 3 | VP14: 3 | VQ14: 4 | VR14: 5 | VS14: 3 | VT14: 5 | VU14: 3 | VV14: 4 | VW14: 1 | VX14: 4 | VY14: 5 | VZ14: 4 | WA14: 2 | WB14: 3 | WC14: 3 | WD14: 2 | WE14: 3 | WF14: 1 | WG14: 3 | WH14: 3 | WI14: 3 | WJ14: 3 | WK14: 5 | WL14: 5 | WN14: 1 | WO14: 4 | WP14: 4 | WQ14: 4 | WR14: 4 | WS14: 4 | WT14: 4 | WU14: 4 | WV14: 4 | WW14: 4 | WX14: 4 | WY14: 3 | WZ14: 4 | XA14: 3 | XB14: 1 | XC14: 3 | XD14: 3 | XE14: 3 | XF14: 3 | XG14: 4 | XH14: 1 | XI14: 3 | XJ14: 3 | XK14: 3 | XL14: 4 | XM14: 3 | XN14: 2 | XO14: 3 | XP14: 3 | XQ14: 3 | XS14: 1 | XT14: 4 | XU14: 4 | XV14: 5 | XW14: 5 | XX14: 4 | XY14: 5 | XZ14: 5 | YA14: 4 | YB14: 5 | YC14: 5 | YD14: 5 | YE14: 3 | YF14: 4 | YG14: 3 | YH14: 4 | YI14: 5 | YJ14: 4 | YK14: 4 | YL14: 4 | YM14: 3 | YN14: 4 | YO14: 5 | YP14: 5 | YQ14: 4 | YR14: 3 | YS14: 3 | YT14: 4 | YU14: 4 | YV14: 4 | YX14: 1 | YY14: 4 | YZ14: 4 | ZA14: 4 | ZB14: 4 | ZC14: 4 | ZD14: 4 | ZE14: 4 | ZF14: 3 | ZG14: 3 | ZH14: 4 | ZI14: 1 | ZJ14: 1 | ZK14: 1 | ZL14: 3 | ZM14: 1 | ZN14: 1 | ZO14: 2 | ZP14: 3 | ZQ14: 3 | ZR14: 4 | ZS14: 2 | ZT14: 4 | ZU14: 2 | ZV14: 3 | ZW14: 3 | ZX14: 3 | ZY14: 4 | ZZ14: 3 | AAA14: 2 | AAC14: 2 | AAD14: 4 | AAE14: 4 | AAF14: 4 | AAG14: 3 | AAH14: 4 | AAI14: 3 | AAJ14: 4 | AAK14: 3 | AAL14: 4 | AAM14: 4 | AAN14: 5 | AAO14: 5 | AAP14: 5 | AAQ14: 3 | AAR14: 5 | AAS14: 4 | AAT14: 5 | AAU14: 4 | AAV14: 4 | AAW14: 3 | AAX14: 3 | AAY14: 3 | AAZ14: 4 | ABA14: 4 | ABB14: 4 | ABC14: 3 | ABD14: 4 | ABE14: 5 | ABF14: 5 | ABH14: 1 | ABI14: 5 | ABJ14: 4 | ABK14: 4 | ABL14: 2 | ABM14: 5 | ABN14: 5 | ABO14: 5 | ABP14: 4 | ABQ14: 4 | ABR14: 4 | ABS14: 4 | ABT14: 4 | ABU14: 1 | ABV14: 1 | ABW14: 1 | ABX14: 4 | ABY14: 4 | ABZ14: 4 | ACA14: 4 | ACB14: 4 | ACC14: 3 | ACD14: 4 | ACE14: 2 | ACF14: 4 | ACG14: 1 | ACH14: 2 | ACI14: 3 | ACJ14: 4 | ACK14: 3 | ACM14: 3 | ACN14: 4 | ACO14: 4 | ACP14: 4 | ACQ14: 4 | ACR14: 3 | ACS14: 3 | ACT14: 3 | ACU14: 3 | ACV14: 4 | ACW14: 3 | ACX14: 2 | ACY14: 2 | ACZ14: 2 | ADA14: 3 | ADB14: 2 | ADC14: 3 | ADD14: 1 | ADE14: 2 | ADF14: 1 | ADG14: 2 | ADH14: 2 | ADI14: 3 | ADJ14: 3 | ADK14: 3 | ADL14: 2 | ADM14: 3 | ADN14: 3 | ADO14: 3 | ADP14: 3 | ADR14: 5 | ADS14: 2 | ADT14: 3 | ADU14: 3 | ADV14: 4 | ADW14: 2 | ADX14: 3 | ADY14: 2 | ADZ14: 4 | AEA14: 3 | AEB14: 4 | AEC14: 4 | AED14: 1 | AEE14: 2 | AEF14: 3 | AEG14: 3 | AEH14: 2 | AEI14: 3 | AEJ14: 3 | AEK14: 1 | AEL14: 4 | AEM14: 3 | AEN14: 3 | AEO14: 2 | AEP14: 3 | AEQ14: 3 | AER14: 3 | AES14: 3 | AET14: 5 | AEU14: 4 | AEW14: 1 | AEX14: 2 | AEY14: 2 | AEZ14: 3 | AFA14: 2 | AFB14: 3 | AFC14: 3 | AFD14: 4 | AFE14: 2 | AFF14: 3 | AFG14: 3 | AFH14: 1 | AFI14: 1 | AFJ14: 2 | AFK14: 2 | AFL14: 5 | AFM14: 5 | AFN14: 1 | AFO14: 1 | AFP14: 1 | AFQ14: 2 | AFR14: 1 | AFS14: 2 | AFT14: 2 | AFU14: 1 | AFV14: 3 | AFW14: 3 | AFX14: 2 | AFY14: 3 | AFZ14: 5 | AGB14: 4 | AGC14: 2 | AGD14: 2 | AGE14: 2 | AGF14: 4 | AGG14: 2 | AGH14: 3 | AGI14: 2 | AGJ14: 2 | AGK14: 2 | AGL14: 3 | AGM14: 1 | AGN14: 1 | AGO14: 1 | AGP14: 1 | AGQ14: 4 | AGR14: 4 | AGS14: 1 | AGT14: 1 | AGU14: 1 | AGV14: 4 | AGW14: 2 | AGX14: 4 | AGY14: 3 | AGZ14: 2 | AHA14: 2 | AHB14: 3 | AHC14: 3 | AHD14: 4 | AHE14: 3 | AHG14: 1 | AHH14: 4 | AHI14: 4 | AHJ14: 3 | AHK14: 4 | AHL14: 4 | AHM14: 4 | AHN14: 3 | AHO14: 4 | AHP14: 3 | AHQ14: 3 | AHR14: 1 | AHS14: 1 | AHT14: 1 | AHU14: 1 | AHV14: 1 | AHW14: 1 | AHX14: 1 | AHY14: 2 | AHZ14: 2 | AIA14: 3 | AIB14: 2 | AIC14: 3 | AID14: 2 | AIE14: 2 | AIF14: 2 | AIG14: 3 | AIH14: 3 | AII14: 5 | AIJ14: 2 | AIL14: 1 | AIM14: 4 | AIN14: 4 | AIO14: 3 | AIP14: 3 | AIQ14: 4 | AIR14: 4 | AIS14: 3 | AIT14: 3 | AIU14: 4 | AIV14: 4 | AIW14: 4 | AIX14: 3 | AIY14: 1 | AIZ14: 1 | AJA14: 4 | AJB14: 4 | AJC14: 3 | AJD14: 1 | AJE14: 1 | AJF14: 2 | AJG14: 2 | AJH14: 4 | AJI14: 3 | AJJ14: 3 | AJK14: 2 | AJL14: 3 | AJM14: 3 | AJN14: 4 | AJO14: 3 | AJQ14: 1 | AJR14: 4 | AJS14: 3 | AJT14: 4 | AJU14: 4 | AJV14: 4 | AJW14: 3 | AJX14: 4 | AJY14: 3 | AJZ14: 4 | AKA14: 3 | AKB14: 3 | AKC14: 4 | AKD14: 3 | AKE14: 3 | AKF14: 3 | AKG14: 3 | AKH14: 3 | AKI14: 3 | AKJ14: 1 | AKK14: 4 | AKL14: 3 | AKM14: 3 | AKN14: 3 | AKO14: 5 | AKP14: 1 | AKQ14: 1 | AKR14: 3 | AKS14: 1 | AKT14: 4 | AKV14: 1 | AKW14: 4 | AKX14: 4 | AKY14: 4 | AKZ14: 4 | ALA14: 4 | ALB14: 4 | ALC14: 4 | ALD14: 4 | ALE14: 4 | ALF14: 4 | ALG14: 3 | ALH14: 3 | ALI14: 3 | ALJ14: 1 | ALK14: 4 | ALL14: 2 | ALM14: 1 | ALN14: 1 | ALO14: 2 | ALP14: 4 | ALQ14: 2 | ALR14: 4 | ALS14: 3 | ALT14: 4 | ALU14: 2 | ALV14: 1 | ALW14: 3 | ALX14: 2 | ALY14: 3 | AMA14: 1 | AMB14: 4 | AMC14: 3 | AMD14: 4 | AME14: 3 | AMF14: 3 | AMG14: 4 | AMH14: 4 | AMI14: 4 | AMJ14: 4 | AMK14: 4 | AML14: 1 | AMM14: 2 | AMN14: 1 | AMO14: 2 | AMP14: 2 | AMQ14: 3 | AMR14: 1 | AMS14: 1 | AMT14: 1 | AMU14: 3 | AMV14: 3 | AMW14: 3 | AMX14: 3 | AMY14: 2 | AMZ14: 3 | ANA14: 3 | ANB14: 3 | ANC14: 3 | AND14: 4 | ANF14: 1 | ANG14: 4 | ANH14: 3 | ANI14: 4 | ANJ14: 4 | ANK14: 4 | ANL14: 4 | ANM14: 5 | ANN14: 3 | ANO14: 2 | ANP14: 3 | ANQ14: 3 | ANR14: 1 | ANS14: 1 | ANT14: 3 | ANU14: 1 | ANV14: 4 | ANW14: 1 | ANX14: 5 | ANY14: 5 | ANZ14: 3 | AOA14: 2 | AOB14: 3 | AOC14: 3 | AOD14: 3 | AOE14: 2 | AOF14: 2 | AOG14: 4 | AOH14: 1 | AOI14: 2 | AOK14: 2 | AOL14: 4 | AOM14: 4 | AON14: 5 | AOO14: 3 | AOP14: 3 | AOQ14: 4 | AOR14: 4 | AOS14: 4 | AOT14: 3 | AOU14: 3 | AOV14: 3 | AOW14: 3 | AOX14: 3 | AOY14: 3 | AOZ14: 3 | APA14: 1 | APB14: 3 | APC14: 3 | APD14: 4 | APE14: 3 | APF14: 3 | APG14: 1 | APH14: 3 | API14: 3 | APJ14: 3 | APK14: 3 | APL14: 3 | APM14: 4 | APN14: 4
A15: Group Average | E15: =AVERAGE(E13:E14) -> 2 | F15: =AVERAGE(F13:F14) -> 4 | G15: =AVERAGE(G13:G14) -> 3 | H15: =AVERAGE(H13:H14) -> 2.5 | I15: =AVERAGE(I13:I14) -> 4 | J15: =AVERAGE(J13:J14) -> 4 | K15: =AVERAGE(K13:K14) -> 4.5 | L15: =AVERAGE(L13:L14) -> 4.5 | ... AK15: =AVERAGE(AK13:AK14) -> 1.5 | AM15: =AVERAGE(AM13:AM14) -> 1 | AN15: =AVERAGE(AN13:AN14) -> 4.5 | AO15: =AVERAGE(AO13:AO14) -> 4.5 | AP15: =AVERAGE(AP13:AP14) -> 5 | AQ15: =AVERAGE(AQ13:AQ14) -> 4.5 | AR15: =AVERAGE(AR13:AR14) -> 4.5 | AS15: =AVERAGE(AS13:AS14) -> 4.5 | AT15: =AVERAGE(AT13:AT14) -> 4.5 | ... BS15: =AVERAGE(BS13:BS14) -> 2 | BU15: =AVERAGE(BU13:BU14) -> 2.5 | BV15: =AVERAGE(BV13:BV14) -> 2.5 | BW15: =AVERAGE(BW13:BW14) -> 2.5 | BX15: =AVERAGE(BX13:BX14) -> 4 | BY15: =AVERAGE(BY13:BY14) -> 2 | BZ15: =AVERAGE(BZ13:BZ14) -> 2.5 | CA15: =AVERAGE(CA13:CA14) -> 2.5 | CB15: =AVERAGE(CB13:CB14) -> 2.5 | ... DA15: =AVERAGE(DA13:DA14) -> 4.5 | DC15: =AVERAGE(DC13:DC14) -> 1 | DD15: =AVERAGE(DD13:DD14) -> 4 | DE15: =AVERAGE(DE13:DE14) -> 3 | DF15: =AVERAGE(DF13:DF14) -> 3.5 | DG15: =AVERAGE(DG13:DG14) -> 3 | DH15: =AVERAGE(DH13:DH14) -> 3.5 | DI15: =AVERAGE(DI13:DI14) -> 4 | DJ15: =AVERAGE(DJ13:DJ14) -> 5 | ... EI15: =AVERAGE(EI13:EI14) -> 3.5 | EK15: =AVERAGE(EK13:EK14) -> 2 | EL15: =AVERAGE(EL13:EL14) -> 4 | EM15: =AVERAGE(EM13:EM14) -> 4 | EN15: =AVERAGE(EN13:EN14) -> 4 | EO15: =AVERAGE(EO13:EO14) -> 4 | EP15: =AVERAGE(EP13:EP14) -> 4 | EQ15: =AVERAGE(EQ13:EQ14) -> 4 | ER15: =AVERAGE(ER13:ER14) -> 4 | ... FQ15: =AVERAGE(FQ13:FQ14) -> 4.5 | FS15: =AVERAGE(FS13:FS14) -> 1 | FT15: =AVERAGE(FT13:FT14) -> 3.5 | FU15: =AVERAGE(FU13:FU14) -> 4 | FV15: =AVERAGE(FV13:FV14) -> 4 | FW15: =AVERAGE(FW13:FW14) -> 4 | FX15: =AVERAGE(FX13:FX14) -> 4.5 | FY15: =AVERAGE(FY13:FY14) -> 4 | FZ15: =AVERAGE(FZ13:FZ14) -> 4 | ... GY15: =AVERAGE(GY13:GY14) -> 4 | HA15: =AVERAGE(HA13:HA14) -> 1.5 | HB15: =AVERAGE(HB13:HB14) -> 4 | HC15: =AVERAGE(HC13:HC14) -> 4 | HD15: =AVERAGE(HD13:HD14) -> 4 | HE15: =AVERAGE(HE13:HE14) -> 4 | HF15: =AVERAGE(HF13:HF14) -> 4 | HG15: =AVERAGE(HG13:HG14) -> 4 | HH15: =AVERAGE(HH13:HH14) -> 3.5 | ... ID15: =AVERAGE(ID13:ID14) -> 4 | IF15: =AVERAGE(IF13:IF14) -> 2 | IG15: =AVERAGE(IG13:IG14) -> 3.5 | IH15: =AVERAGE(IH13:IH14) -> 4 | II15: =AVERAGE(II13:II14) -> 4 | IJ15: =AVERAGE(IJ13:IJ14) -> 2.5 | IK15: =AVERAGE(IK13:IK14) -> 4 | IL15: =AVERAGE(IL13:IL14) -> 4 | IM15: =AVERAGE(IM13:IM14) -> 4 | ... JI15: =AVERAGE(JI13:JI14) -> 4 | JK15: =AVERAGE(JK13:JK14) -> 1.5 | JL15: =AVERAGE(JL13:JL14) -> 3 | JM15: =AVERAGE(JM13:JM14) -> 2.5 | JN15: =AVERAGE(JN13:JN14) -> 3 | JO15: =AVERAGE(JO13:JO14) -> 3 | JP15: =AVERAGE(JP13:JP14) -> 3 | JQ15: =AVERAGE(JQ13:JQ14) -> 3 | JR15: =AVERAGE(JR13:JR14) -> 3 | ... KN15: =AVERAGE(KN13:KN14) -> 3 | KP15: =AVERAGE(KP13:KP14) -> 3.5 | KQ15: =AVERAGE(KQ13:KQ14) -> 4 | KR15: =AVERAGE(KR13:KR14) -> 4 | KS15: =AVERAGE(KS13:KS14) -> 4.5 | KT15: =AVERAGE(KT13:KT14) -> 4 | KU15: =AVERAGE(KU13:KU14) -> 4.5 | KV15: =AVERAGE(KV13:KV14) -> 4 | KW15: =AVERAGE(KW13:KW14) -> 4 | ... LS15: =AVERAGE(LS13:LS14) -> 4.5 | LU15: =AVERAGE(LU13:LU14) -> 1 | LV15: =AVERAGE(LV13:LV14) -> 3.5 | LW15: =AVERAGE(LW13:LW14) -> 4.5 | LX15: =AVERAGE(LX13:LX14) -> 4 | LY15: =AVERAGE(LY13:LY14) -> 4 | LZ15: =AVERAGE(LZ13:LZ14) -> 4 | MA15: =AVERAGE(MA13:MA14) -> 4.5 | MB15: =AVERAGE(MB13:MB14) -> 5 | ... MX15: =AVERAGE(MX13:MX14) -> 5 | MZ15: =AVERAGE(MZ13:MZ14) -> 3.5 | NA15: =AVERAGE(NA13:NA14) -> 2.5 | NB15: =AVERAGE(NB13:NB14) -> 3.5 | NC15: =AVERAGE(NC13:NC14) -> 3 | ND15: =AVERAGE(ND13:ND14) -> 3 | NE15: =AVERAGE(NE13:NE14) -> 3 | NF15: =AVERAGE(NF13:NF14) -> 3 | NG15: =AVERAGE(NG13:NG14) -> 2.5 | ... OC15: =AVERAGE(OC13:OC14) -> 5 | OE15: =AVERAGE(OE13:OE14) -> 2.5 | OF15: =AVERAGE(OF13:OF14) -> 3.5 | OG15: =AVERAGE(OG13:OG14) -> 3.5 | OH15: =AVERAGE(OH13:OH14) -> 3.5 | OI15: =AVERAGE(OI13:OI14) -> 3.5 | OJ15: =AVERAGE(OJ13:OJ14) -> 3.5 | OK15: =AVERAGE(OK13:OK14) -> 3.5 | OL15: =AVERAGE(OL13:OL14) -> 3.5 | ... PH15: =AVERAGE(PH13:PH14) -> 2 | PJ15: =AVERAGE(PJ13:PJ14) -> 2.5 | PK15: =AVERAGE(PK13:PK14) -> 2 | PL15: =AVERAGE(PL13:PL14) -> 2 | PM15: =AVERAGE(PM13:PM14) -> 3 | PN15: =AVERAGE(PN13:PN14) -> 3.5 | PO15: =AVERAGE(PO13:PO14) -> 2 | PP15: =AVERAGE(PP13:PP14) -> 2.5 | PQ15: =AVERAGE(PQ13:PQ14) -> 5 | ... QM15: =AVERAGE(QM13:QM14) -> 2.5 | QO15: =AVERAGE(QO13:QO14) -> 1.5 | QP15: =AVERAGE(QP13:QP14) -> 4.5 | QQ15: =AVERAGE(QQ13:QQ14) -> 4.5 | QR15: =AVERAGE(QR13:QR14) -> 2.5 | QS15: =AVERAGE(QS13:QS14) -> 2.5 | QT15: =AVERAGE(QT13:QT14) -> 4 | QU15: =AVERAGE(QU13:QU14) -> 3 | QV15: =AVERAGE(QV13:QV14) -> 3 | ... RR15: =AVERAGE(RR13:RR14) -> 3 | RT15: =AVERAGE(RT13:RT14) -> 2 | RU15: =AVERAGE(RU13:RU14) -> 3.5 | RV15: =AVERAGE(RV13:RV14) -> 2.5 | RW15: =AVERAGE(RW13:RW14) -> 3 | RX15: =AVERAGE(RX13:RX14) -> 2.5 | RY15: =AVERAGE(RY13:RY14) -> 3 | RZ15: =AVERAGE(RZ13:RZ14) -> 3 | SA15: =AVERAGE(SA13:SA14) -> 3 | ... SW15: =AVERAGE(SW13:SW14) -> 2.5 | SY15: =AVERAGE(SY13:SY14) -> 1 | SZ15: =AVERAGE(SZ13:SZ14) -> 4 | TA15: =AVERAGE(TA13:TA14) -> 3.5 | TB15: =AVERAGE(TB13:TB14) -> 3 | TC15: =AVERAGE(TC13:TC14) -> 3.5 | TD15: =AVERAGE(TD13:TD14) -> 4 | TE15: =AVERAGE(TE13:TE14) -> 4 | TF15: =AVERAGE(TF13:TF14) -> 3 | ... UB15: =AVERAGE(UB13:UB14) -> 3.5 | UD15: =AVERAGE(UD13:UD14) -> 1.5 | UE15: =AVERAGE(UE13:UE14) -> 3 | UF15: =AVERAGE(UF13:UF14) -> 3.5 | UG15: =AVERAGE(UG13:UG14) -> 3.5 | UH15: =AVERAGE(UH13:UH14) -> 3 | UI15: =AVERAGE(UI13:UI14) -> 4 | UJ15: =AVERAGE(UJ13:UJ14) -> 3 | UK15: =AVERAGE(UK13:UK14) -> 3 | ... VG15: =AVERAGE(VG13:VG14) -> 4.5 | VI15: =AVERAGE(VI13:VI14) -> 3.5 | VJ15: =AVERAGE(VJ13:VJ14) -> 3 | VK15: =AVERAGE(VK13:VK14) -> 3 | VL15: =AVERAGE(VL13:VL14) -> 3 | VM15: =AVERAGE(VM13:VM14) -> 2 | VN15: =AVERAGE(VN13:VN14) -> 2.5 | VO15: =AVERAGE(VO13:VO14) -> 2 | VP15: =AVERAGE(VP13:VP14) -> 2.5 | ... WL15: =AVERAGE(WL13:WL14) -> 5 | WN15: =AVERAGE(WN13:WN14) -> 1 | WO15: =AVERAGE(WO13:WO14) -> 4.5 | WP15: =AVERAGE(WP13:WP14) -> 4.5 | WQ15: =AVERAGE(WQ13:WQ14) -> 4 | WR15: =AVERAGE(WR13:WR14) -> 4.5 | WS15: =AVERAGE(WS13:WS14) -> 4.5 | WT15: =AVERAGE(WT13:WT14) -> 4.5 | WU15: =AVERAGE(WU13:WU14) -> 4.5 | ... XQ15: =AVERAGE(XQ13:XQ14) -> 3.5 | XS15: =AVERAGE(XS13:XS14) -> 1 | XT15: =AVERAGE(XT13:XT14) -> 4 | XU15: =AVERAGE(XU13:XU14) -> 4.5 | XV15: =AVERAGE(XV13:XV14) -> 4.5 | XW15: =AVERAGE(XW13:XW14) -> 4.5 | XX15: =AVERAGE(XX13:XX14) -> 3 | XY15: =AVERAGE(XY13:XY14) -> 4 | XZ15: =AVERAGE(XZ13:XZ14) -> 5 | ... YV15: =AVERAGE(YV13:YV14) -> 4.5 | YX15: =AVERAGE(YX13:YX14) -> 1.5 | YY15: =AVERAGE(YY13:YY14) -> 4 | YZ15: =AVERAGE(YZ13:YZ14) -> 4 | ZA15: =AVERAGE(ZA13:ZA14) -> 4 | ZB15: =AVERAGE(ZB13:ZB14) -> 4 | ZC15: =AVERAGE(ZC13:ZC14) -> 4 | ZD15: =AVERAGE(ZD13:ZD14) -> 4 | ZE15: =AVERAGE(ZE13:ZE14) -> 4 | ... AAA15: =AVERAGE(AAA13:AAA14) -> 2 | AAC15: =AVERAGE(AAC13:AAC14) -> 2.5 | AAD15: =AVERAGE(AAD13:AAD14) -> 4.5 | AAE15: =AVERAGE(AAE13:AAE14) -> 4 | AAF15: =AVERAGE(AAF13:AAF14) -> 3.5 | AAG15: =AVERAGE(AAG13:AAG14) -> 3.5 | AAH15: =AVERAGE(AAH13:AAH14) -> 4 | AAI15: =AVERAGE(AAI13:AAI14) -> 3.5 | AAJ15: =AVERAGE(AAJ13:AAJ14) -> 4 | ... ABF15: =AVERAGE(ABF13:ABF14) -> 5 | ABH15: =AVERAGE(ABH13:ABH14) -> 2 | ABI15: =AVERAGE(ABI13:ABI14) -> 5 | ABJ15: =AVERAGE(ABJ13:ABJ14) -> 4 | ABK15: =AVERAGE(ABK13:ABK14) -> 4.5 | ABL15: =AVERAGE(ABL13:ABL14) -> 2 | ABM15: =AVERAGE(ABM13:ABM14) -> 4 | ABN15: =AVERAGE(ABN13:ABN14) -> 5 | ABO15: =AVERAGE(ABO13:ABO14) -> 5 | ... ACK15: =AVERAGE(ACK13:ACK14) -> 3 | ACM15: =AVERAGE(ACM13:ACM14) -> 2 | ACN15: =AVERAGE(ACN13:ACN14) -> 4 | ACO15: =AVERAGE(ACO13:ACO14) -> 4.5 | ACP15: =AVERAGE(ACP13:ACP14) -> 4.5 | ACQ15: =AVERAGE(ACQ13:ACQ14) -> 4.5 | ACR15: =AVERAGE(ACR13:ACR14) -> 4 | ACS15: =AVERAGE(ACS13:ACS14) -> 3.5 | ACT15: =AVERAGE(ACT13:ACT14) -> 4 | ... ADP15: =AVERAGE(ADP13:ADP14) -> 3.5 | ADR15: =AVERAGE(ADR13:ADR14) -> 4.5 | ADS15: =AVERAGE(ADS13:ADS14) -> 3 | ADT15: =AVERAGE(ADT13:ADT14) -> 3 | ADU15: =AVERAGE(ADU13:ADU14) -> 3.5 | ADV15: =AVERAGE(ADV13:ADV14) -> 4 | ADW15: =AVERAGE(ADW13:ADW14) -> 2.5 | ADX15: =AVERAGE(ADX13:ADX14) -> 3.5 | ADY15: =AVERAGE(ADY13:ADY14) -> 3 | ... AEU15: =AVERAGE(AEU13:AEU14) -> 4 | AEW15: =AVERAGE(AEW13:AEW14) -> 1 | AEX15: =AVERAGE(AEX13:AEX14) -> 3 | AEY15: =AVERAGE(AEY13:AEY14) -> 2.5 | AEZ15: =AVERAGE(AEZ13:AEZ14) -> 3.5 | AFA15: =AVERAGE(AFA13:AFA14) -> 3.5 | AFB15: =AVERAGE(AFB13:AFB14) -> 3 | AFC15: =AVERAGE(AFC13:AFC14) -> 3.5 | AFD15: =AVERAGE(AFD13:AFD14) -> 4 | ... AFZ15: =AVERAGE(AFZ13:AFZ14) -> 4 | AGB15: =AVERAGE(AGB13:AGB14) -> 3.5 | AGC15: =AVERAGE(AGC13:AGC14) -> 2.5 | AGD15: =AVERAGE(AGD13:AGD14) -> 2 | AGE15: =AVERAGE(AGE13:AGE14) -> 3 | AGF15: =AVERAGE(AGF13:AGF14) -> 3 | AGG15: =AVERAGE(AGG13:AGG14) -> 1.5 | AGH15: =AVERAGE(AGH13:AGH14) -> 2.5 | AGI15: =AVERAGE(AGI13:AGI14) -> 3.5 | ... AHE15: =AVERAGE(AHE13:AHE14) -> 4 | AHG15: =AVERAGE(AHG13:AHG14) -> 1 | AHH15: =AVERAGE(AHH13:AHH14) -> 4 | AHI15: =AVERAGE(AHI13:AHI14) -> 4 | AHJ15: =AVERAGE(AHJ13:AHJ14) -> 3.5 | AHK15: =AVERAGE(AHK13:AHK14) -> 4 | AHL15: =AVERAGE(AHL13:AHL14) -> 4.5 | AHM15: =AVERAGE(AHM13:AHM14) -> 4 | AHN15: =AVERAGE(AHN13:AHN14) -> 4 | ... AIJ15: =AVERAGE(AIJ13:AIJ14) -> 3 | AIL15: =AVERAGE(AIL13:AIL14) -> 1 | AIM15: =AVERAGE(AIM13:AIM14) -> 4.5 | AIN15: =AVERAGE(AIN13:AIN14) -> 4.5 | AIO15: =AVERAGE(AIO13:AIO14) -> 2.5 | AIP15: =AVERAGE(AIP13:AIP14) -> 2.5 | AIQ15: =AVERAGE(AIQ13:AIQ14) -> 3.5 | AIR15: =AVERAGE(AIR13:AIR14) -> 4.5 | AIS15: =AVERAGE(AIS13:AIS14) -> 4 | ... AJO15: =AVERAGE(AJO13:AJO14) -> 2 | AJQ15: =AVERAGE(AJQ13:AJQ14) -> 1 | AJR15: =AVERAGE(AJR13:AJR14) -> 2.5 | AJS15: =AVERAGE(AJS13:AJS14) -> 3 | AJT15: =AVERAGE(AJT13:AJT14) -> 3 | AJU15: =AVERAGE(AJU13:AJU14) -> 3 | AJV15: =AVERAGE(AJV13:AJV14) -> 3 | AJW15: =AVERAGE(AJW13:AJW14) -> 3 | AJX15: =AVERAGE(AJX13:AJX14) -> 3.5 | ... AKT15: =AVERAGE(AKT13:AKT14) -> 2.5 | AKV15: =AVERAGE(AKV13:AKV14) -> 1 | AKW15: =AVERAGE(AKW13:AKW14) -> 3.5 | AKX15: =AVERAGE(AKX13:AKX14) -> 3.5 | AKY15: =AVERAGE(AKY13:AKY14) -> 3.5 | AKZ15: =AVERAGE(AKZ13:AKZ14) -> 3.5 | ALA15: =AVERAGE(ALA13:ALA14) -> 3.5 | ALB15: =AVERAGE(ALB13:ALB14) -> 3.5 | ALC15: =AVERAGE(ALC13:ALC14) -> 3.5 | ... ALY15: =AVERAGE(ALY13:ALY14) -> 3 | AMA15: =AVERAGE(AMA13:AMA14) -> 1 | AMB15: =AVERAGE(AMB13:AMB14) -> 2.5 | AMC15: =AVERAGE(AMC13:AMC14) -> 3.5 | AMD15: =AVERAGE(AMD13:AMD14) -> 4 | AME15: =AVERAGE(AME13:AME14) -> 3.5 | AMF15: =AVERAGE(AMF13:AMF14) -> 3.5 | AMG15: =AVERAGE(AMG13:AMG14) -> 2.5 | AMH15: =AVERAGE(AMH13:AMH14) -> 2.5 | ... AND15: =AVERAGE(AND13:AND14) -> 3 | ANF15: =AVERAGE(ANF13:ANF14) -> 1 | ANG15: =AVERAGE(ANG13:ANG14) -> 4 | ANH15: =AVERAGE(ANH13:ANH14) -> 3 | ANI15: =AVERAGE(ANI13:ANI14) -> 4.5 | ANJ15: =AVERAGE(ANJ13:ANJ14) -> 3.5 | ANK15: =AVERAGE(ANK13:ANK14) -> 4 | ANL15: =AVERAGE(ANL13:ANL14) -> 3.5 | ANM15: =AVERAGE(ANM13:ANM14) -> 5 | ... AOI15: =AVERAGE(AOI13:AOI14) -> 3.5 | AOK15: =AVERAGE(AOK13:AOK14) -> 1.5 | AOL15: =AVERAGE(AOL13:AOL14) -> 4 | AOM15: =AVERAGE(AOM13:AOM14) -> 4 | AON15: =AVERAGE(AON13:AON14) -> 5 | AOO15: =AVERAGE(AOO13:AOO14) -> 3.5 | AOP15: =AVERAGE(AOP13:AOP14) -> 3.5 | AOQ15: =AVERAGE(AOQ13:AOQ14) -> 3.5 | AOR15: =AVERAGE(AOR13:AOR14) -> 4.5 | ... APN15: =AVERAGE(APN13:APN14) -> 4
A17: R_4995DgLwf0XKbXr | B17: FAST-MS | C17: 168432 | E17: 3 | F17: 3 | G17: 2 | H17: 3 | I17: 2 | J17: 2 | K17: 2 | L17: 2 | M17: 2 | N17: 2 | O17: 2 | P17: 1 | Q17: 1 | R17: 1 | S17: 1 | T17: 1 | U17: 1 | V17: 2 | W17: 3 | X17: 1 | Y17: 2 | Z17: 2 | AA17: 1 | AB17: 2 | AC17: 3 | AD17: 1 | AE17: 1 | AF17: 1 | AG17: 2 | AH17: 4 | AI17: 2 | AJ17: 1 | AK17: 1 | AM17: 3 | AN17: 4 | AO17: 3 | AP17: 4 | AQ17: 3 | AR17: 3 | AS17: 3 | AT17: 3 | AU17: 4 | AV17: 3 | AW17: 3 | AX17: 1 | AY17: 3 | AZ17: 3 | BA17: 1 | BB17: 3 | BC17: 1 | BD17: 3 | BE17: 1 | BF17: 1 | BG17: 3 | BH17: 3 | BI17: 2 | BJ17: 3 | BK17: 3 | BL17: 2 | BM17: 3 | BN17: 1 | BO17: 3 | BP17: 3 | BQ17: 3 | BR17: 3 | BS17: 3 | BU17: 1 | BV17: 4 | BW17: 3 | BX17: 5 | BY17: 3 | BZ17: 3 | CA17: 3 | CB17: 3 | CC17: 3 | CD17: 3 | CE17: 5 | CF17: 1 | CG17: 3 | CH17: 1 | CI17: 3 | CJ17: 1 | CK17: 1 | CL17: 1 | CM17: 1 | CN17: 1 | CO17: 3 | CP17: 3 | CQ17: 2 | CR17: 1 | CS17: 2 | CT17: 3 | CU17: 2 | CV17: 4 | CW17: 3 | CX17: 1 | CY17: 4 | CZ17: 5 | DA17: 5 | DC17: 1 | DD17: 3 | DE17: 2 | DF17: 4 | DG17: 3 | DH17: 3 | DI17: 3 | DJ17: 4 | DK17: 3 | DL17: 4 | DM17: 3 | DN17: 1 | DO17: 1 | DP17: 1 | DQ17: 1 | DR17: 1 | DS17: 3 | DT17: 2 | DU17: 4 | DV17: 2 | DW17: 3 | DX17: 2 | DY17: 3 | DZ17: 2 | EA17: 4 | EB17: 2 | EC17: 4 | ED17: 4 | EE17: 2 | EF17: 4 | EG17: 2 | EH17: 3 | EI17: 3 | EK17: 1 | EL17: 3 | EM17: 3 | EN17: 4 | EO17: 4 | EP17: 3 | EQ17: 4 | ER17: 4 | ES17: 4 | ET17: 4 | EU17: 3 | EV17: 1 | EW17: 1 | EX17: 1 | EY17: 1 | EZ17: 1 | FA17: 3 | FB17: 3 | FC17: 1 | FD17: 3 | FE17: 3 | FF17: 3 | FG17: 3 | FH17: 3 | FI17: 3 | FJ17: 4 | FK17: 4 | FL17: 1 | FM17: 3 | FN17: 3 | FO17: 5 | FP17: 4 | FQ17: 4 | FS17: 1 | FT17: 4 | FU17: 3 | FV17: 4 | FW17: 3 | FX17: 3 | FY17: 4 | FZ17: 3 | GA17: 3 | GB17: 4 | GC17: 3 | GD17: 1 | GE17: 1 | GF17: 1 | GG17: 1 | GH17: 2 | GI17: 1 | GJ17: 3 | GK17: 1 | GL17: 2 | GM17: 1 | GN17: 1 | GO17: 4 | GP17: 4 | GQ17: 3 | GR17: 2 | GS17: 3 | GT17: 2 | GU17: 3 | GV17: 4 | GW17: 3 | GX17: 2 | GY17: 3 | HA17: 1 | HB17: 4 | HC17: 4 | HD17: 3 | HE17: 4 | HF17: 4 | HG17: 4 | HH17: 3 | HI17: 1 | HJ17: 3 | HK17: 4 | HL17: 1 | HM17: 1 | HN17: 1 | HO17: 4 | HP17: 1 | HQ17: 1 | HR17: 1 | HS17: 1 | HT17: 1 | HU17: 1 | HV17: 2 | HW17: 1 | HX17: 2 | HY17: 2 | HZ17: 3 | IA17: 3 | IB17: 1 | IC17: 4 | ID17: 1 | IF17: 1 | IG17: 3 | IH17: 4 | II17: 3 | IJ17: 3 | IK17: 4 | IL17: 4 | IM17: 4 | IN17: 2 | IO17: 3 | IP17: 1 | IQ17: 1 | IR17: 1 | IS17: 3 | IT17: 1 | IU17: 1 | IV17: 1 | IW17: 2 | IX17: 2 | IY17: 2 | IZ17: 1 | JA17: 1 | JB17: 4 | JC17: 1 | JD17: 3 | JE17: 1 | JF17: 1 | JG17: 1 | JH17: 1 | JI17: 3 | JK17: 1 | JL17: 3 | JM17: 3 | JN17: 3 | JO17: 3 | JP17: 3 | JQ17: 3 | JR17: 3 | JS17: 3 | JT17: 4 | JU17: 3 | JV17: 1 | JW17: 1 | JX17: 1 | JY17: 1 | JZ17: 1 | KA17: 2 | KB17: 1 | KC17: 1 | KD17: 1 | KE17: 1 | KF17: 1 | KG17: 4 | KH17: 4 | KI17: 1 | KJ17: 2 | KK17: 3 | KL17: 3 | KM17: 1 | KN17: 1 | KP17: 2 | KQ17: 3 | KR17: 3 | KS17: 4 | KT17: 2 | KU17: 4 | KV17: 3 | KW17: 3 | KX17: 3 | KY17: 3 | KZ17: 4 | LA17: 2 | LB17: 1 | LC17: 1 | LD17: 1 | LE17: 1 | LF17: 1 | LG17: 1 | LH17: 1 | LI17: 2 | LJ17: 1 | LK17: 2 | LL17: 2 | LM17: 2 | LN17: 2 | LO17: 1 | LP17: 1 | LQ17: 1 | LR17: 1 | LS17: 4 | LU17: 1 | LV17: 3 | LW17: 4 | LX17: 3 | LY17: 4 | LZ17: 3 | MA17: 3 | MB17: 4 | MC17: 3 | MD17: 4 | ME17: 3 | MF17: 1 | MG17: 1 | MH17: 1 | MI17: 1 | MJ17: 1 | MK17: 1 | ML17: 3 | MM17: 3 | MN17: 3 | MO17: 3 | MP17: 1 | MQ17: 4 | MR17: 1 | MS17: 3 | MT17: 1 | MU17: 1 | MV17: 2 | MW17: 1 | MX17: 3 | MZ17: 1 | NA17: 3 | NB17: 3 | NC17: 3 | ND17: 3 | NE17: 3 | NF17: 3 | NG17: 3 | NH17: 3 | NI17: 2 | NJ17: 4 | NK17: 1 | NL17: 3 | NM17: 1 | NN17: 1 | NO17: 1 | NP17: 1 | NQ17: 1 | NR17: 1 | NS17: 1 | NT17: 2 | NU17: 3 | NV17: 3 | NW17: 4 | NX17: 4 | NY17: 1 | NZ17: 1 | OA17: 1 | OB17: 1 | OC17: 3 | OE17: 1 | OF17: 3 | OG17: 3 | OH17: 3 | OI17: 3 | OJ17: 3 | OK17: 3 | OL17: 3 | OM17: 3 | ON17: 3 | OO17: 3 | OP17: 2 | OQ17: 3 | OR17: 1 | OS17: 1 | OT17: 1 | OU17: 1 | OV17: 2 | OW17: 1 | OX17: 1 | OY17: 3 | OZ17: 3 | PA17: 3 | PB17: 3 | PC17: 3 | PD17: 2 | PE17: 2 | PF17: 2 | PG17: 1 | PH17: 2 | PJ17: 3 | PK17: 4 | PL17: 4 | PM17: 3 | PN17: 4 | PO17: 1 | PP17: 3 | PQ17: 4 | PR17: 3 | PS17: 3 | PT17: 2 | PU17: 3 | PV17: 1 | PW17: 1 | PX17: 1 | PY17: 1 | PZ17: 1 | QA17: 1 | QB17: 1 | QC17: 1 | QD17: 4 | QE17: 2 | QF17: 4 | QG17: 3 | QH17: 3 | QI17: 1 | QJ17: 4 | QK17: 2 | QL17: 3 | QM17: 4 | QO17: 1 | QP17: 3 | QQ17: 3 | QR17: 3 | QS17: 3 | QT17: 3 | QU17: 3 | QV17: 3 | QW17: 3 | QX17: 3 | QY17: 4 | QZ17: 3 | RA17: 4 | RB17: 1 | RC17: 3 | RD17: 1 | RE17: 2 | RF17: 1 | RG17: 1 | RH17: 1 | RI17: 3 | RJ17: 3 | RK17: 1 | RL17: 1 | RM17: 3 | RN17: 1 | RO17: 1 | RP17: 1 | RQ17: 3 | RR17: 2 | RT17: 2 | RU17: 3 | RV17: 2 | RW17: 1 | RX17: 3 | RY17: 3 | RZ17: 3 | SA17: 3 | SB17: 3 | SC17: 1 | SD17: 4 | SE17: 3 | SF17: 1 | SG17: 1 | SH17: 3 | SI17: 1 | SJ17: 2 | SK17: 1 | SL17: 1 | SM17: 1 | SN17: 2 | SO17: 1 | SP17: 3 | SQ17: 3 | SR17: 1 | SS17: 1 | ST17: 1 | SU17: 1 | SV17: 1 | SW17: 3 | SY17: 1 | SZ17: 4 | TA17: 4 | TB17: 4 | TC17: 4 | TD17: 4 | TE17: 4 | TF17: 4 | TG17: 4 | TH17: 4 | TI17: 4 | TJ17: 1 | TK17: 1 | TL17: 1 | TM17: 1 | TN17: 1 | TO17: 1 | TP17: 1 | TQ17: 1 | TR17: 1 | TS17: 4 | TT17: 2 | TU17: 4 | TV17: 2 | TW17: 3 | TX17: 1 | TY17: 2 | TZ17: 3 | UA17: 5 | UB17: 1 | UD17: 1 | UE17: 3 | UF17: 3 | UG17: 3 | UH17: 4 | UI17: 3 | UJ17: 3 | UK17: 4 | UL17: 3 | UM17: 3 | UN17: 3 | UO17: 3 | UP17: 1 | UQ17: 1 | UR17: 2 | US17: 3 | UT17: 3 | UU17: 1 | UV17: 1 | UW17: 2 | UX17: 3 | UY17: 3 | UZ17: 3 | VA17: 2 | VB17: 2 | VC17: 1 | VD17: 1 | VE17: 3 | VF17: 1 | VG17: 3 | VI17: 1 | VJ17: 3 | VK17: 3 | VL17: 3 | VM17: 3 | VN17: 3 | VO17: 2 | VP17: 3 | VQ17: 3 | VR17: 3 | VS17: 3 | VT17: 1 | VU17: 1 | VV17: 1 | VW17: 1 | VX17: 1 | VY17: 3 | VZ17: 3 | WA17: 1 | WB17: 1 | WC17: 2 | WD17: 1 | WE17: 2 | WF17: 1 | WG17: 3 | WH17: 1 | WI17: 1 | WJ17: 1 | WK17: 3 | WL17: 1 | WN17: 1 | WO17: 3 | WP17: 3 | WQ17: 3 | WR17: 3 | WS17: 3 | WT17: 3 | WU17: 3 | WV17: 2 | WW17: 2 | WX17: 4 | WY17: 2 | WZ17: 3 | XA17: 3 | XB17: 3 | XC17: 1 | XD17: 2 | XE17: 2 | XF17: 2 | XG17: 2 | XH17: 3 | XI17: 1 | XJ17: 2 | XK17: 2 | XL17: 3 | XM17: 2 | XN17: 3 | XO17: 3 | XP17: 3 | XQ17: 2 | XS17: 1 | XT17: 2 | XU17: 3 | XV17: 2 | XW17: 3 | XX17: 4 | XY17: 2 | XZ17: 4 | YA17: 2 | YB17: 3 | YC17: 3 | YD17: 2 | YE17: 1 | YF17: 2 | YG17: 2 | YH17: 2 | YI17: 2 | YJ17: 2 | YK17: 3 | YL17: 3 | YM17: 2 | YN17: 2 | YO17: 2 | YP17: 1 | YQ17: 3 | YR17: 1 | YS17: 2 | YT17: 2 | YU17: 2 | YV17: 1 | YX17: 1 | YY17: 2 | YZ17: 2 | ZA17: 2 | ZB17: 2 | ZC17: 2 | ZD17: 2 | ZE17: 2 | ZF17: 2 | ZG17: 2 | ZH17: 2 | ZI17: 1 | ZJ17: 1 | ZK17: 1 | ZL17: 4 | ZM17: 1 | ZN17: 1 | ZO17: 3 | ZP17: 2 | ZQ17: 2 | ZR17: 5 | ZS17: 1 | ZT17: 3 | ZU17: 2 | ZV17: 2 | ZW17: 2 | ZX17: 3 | ZY17: 3 | ZZ17: 2 | AAA17: 4 | AAC17: 1 | AAD17: 3 | AAE17: 4 | AAF17: 3 | AAG17: 3 | AAH17: 3 | AAI17: 3 | AAJ17: 3 | AAK17: 3 | AAL17: 3 | AAM17: 3 | AAN17: 2 | AAO17: 3 | AAP17: 3 | AAQ17: 2 | AAR17: 4 | AAS17: 1 | AAT17: 3 | AAU17: 4 | AAV17: 3 | AAW17: 2 | AAX17: 3 | AAY17: 3 | AAZ17: 3 | ABA17: 3 | ABB17: 3 | ABC17: 3 | ABD17: 3 | ABE17: 2 | ABF17: 4 | ABH17: 1 | ABI17: 4 | ABJ17: 2 | ABK17: 4 | ABL17: 2 | ABM17: 4 | ABN17: 4 | ABO17: 4 | ABP17: 3 | ABQ17: 3 | ABR17: 3 | ABS17: 3 | ABT17: 1 | ABU17: 2 | ABV17: 1 | ABW17: 3 | ABX17: 4 | ABY17: 4 | ABZ17: 4 | ACA17: 4 | ACB17: 3 | ACC17: 1 | ACD17: 2 | ACE17: 2 | ACF17: 3 | ACG17: 2 | ACH17: 2 | ACI17: 2 | ACJ17: 1 | ACK17: 2 | ACM17: 1 | ACN17: 4 | ACO17: 3 | ACP17: 5 | ACQ17: 3 | ACR17: 4 | ACS17: 1 | ACT17: 4 | ACU17: 3 | ACV17: 3 | ACW17: 3 | ACX17: 1 | ACY17: 1 | ACZ17: 1 | ADA17: 2 | ADB17: 1 | ADC17: 1 | ADD17: 1 | ADE17: 1 | ADF17: 1 | ADG17: 2 | ADH17: 1 | ADI17: 2 | ADJ17: 1 | ADK17: 1 | ADL17: 1 | ADM17: 1 | ADN17: 2 | ADO17: 1 | ADP17: 2 | ADR17: 1 | ADS17: 3 | ADT17: 4 | ADU17: 3 | ADV17: 3 | ADW17: 3 | ADX17: 4 | ADY17: 1 | ADZ17: 4 | AEA17: 4 | AEB17: 3 | AEC17: 3 | AED17: 3 | AEE17: 1 | AEF17: 1 | AEG17: 4 | AEH17: 1 | AEI17: 1 | AEJ17: 1 | AEK17: 1 | AEL17: 5 | AEM17: 2 | AEN17: 2 | AEO17: 1 | AEP17: 4 | AEQ17: 1 | AER17: 1 | AES17: 1 | AET17: 3 | AEU17: 1 | AEW17: 1 | AEX17: 4 | AEY17: 3 | AEZ17: 4 | AFA17: 4 | AFB17: 4 | AFC17: 4 | AFD17: 4 | AFE17: 4 | AFF17: 4 | AFG17: 4 | AFH17: 1 | AFI17: 1 | AFJ17: 1 | AFK17: 2 | AFL17: 2 | AFM17: 1 | AFN17: 1 | AFO17: 1 | AFP17: 1 | AFQ17: 3 | AFR17: 1 | AFS17: 1 | AFT17: 3 | AFU17: 2 | AFV17: 1 | AFW17: 2 | AFX17: 1 | AFY17: 1 | AFZ17: 3 | AGB17: 2 | AGC17: 3 | AGD17: 2 | AGE17: 4 | AGF17: 2 | AGG17: 3 | AGH17: 3 | AGI17: 4 | AGJ17: 4 | AGK17: 1 | AGL17: 2 | AGM17: 1 | AGN17: 2 | AGO17: 1 | AGP17: 1 | AGQ17: 1 | AGR17: 2 | AGS17: 1 | AGT17: 1 | AGU17: 1 | AGV17: 4 | AGW17: 1 | AGX17: 3 | AGY17: 3 | AGZ17: 1 | AHA17: 1 | AHB17: 1 | AHC17: 1 | AHD17: 1 | AHE17: 4 | AHG17: 1 | AHH17: 3 | AHI17: 4 | AHJ17: 4 | AHK17: 3 | AHL17: 3 | AHM17: 3 | AHN17: 4 | AHO17: 3 | AHP17: 4 | AHQ17: 3 | AHR17: 1 | AHS17: 3 | AHT17: 1 | AHU17: 1 | AHV17: 1 | AHW17: 2 | AHX17: 2 | AHY17: 1 | AHZ17: 1 | AIA17: 2 | AIB17: 3 | AIC17: 3 | AID17: 3 | AIE17: 1 | AIF17: 1 | AIG17: 1 | AIH17: 1 | AII17: 1 | AIJ17: 3 | AIL17: 1 | AIM17: 4 | AIN17: 4 | AIO17: 1 | AIP17: 1 | AIQ17: 4 | AIR17: 4 | AIS17: 3 | AIT17: 3 | AIU17: 3 | AIV17: 3 | AIW17: 3 | AIX17: 3 | AIY17: 2 | AIZ17: 1 | AJA17: 4 | AJB17: 4 | AJC17: 4 | AJD17: 1 | AJE17: 1 | AJF17: 1 | AJG17: 1 | AJH17: 4 | AJI17: 1 | AJJ17: 4 | AJK17: 1 | AJL17: 3 | AJM17: 1 | AJN17: 4 | AJO17: 3 | AJQ17: 1 | AJR17: 3 | AJS17: 3 | AJT17: 4 | AJU17: 4 | AJV17: 3 | AJW17: 1 | AJX17: 3 | AJY17: 4 | AJZ17: 4 | AKA17: 4 | AKB17: 1 | AKC17: 1 | AKD17: 2 | AKE17: 2 | AKF17: 2 | AKG17: 1 | AKH17: 1 | AKI17: 1 | AKJ17: 1 | AKK17: 4 | AKL17: 2 | AKM17: 4 | AKN17: 3 | AKO17: 3 | AKP17: 1 | AKQ17: 1 | AKR17: 3 | AKS17: 1 | AKT17: 1 | AKV17: 1 | AKW17: 3 | AKX17: 3 | AKY17: 3 | AKZ17: 3 | ALA17: 3 | ALB17: 3 | ALC17: 3 | ALD17: 3 | ALE17: 2 | ALF17: 3 | ALG17: 1 | ALH17: 2 | ALI17: 1 | ALJ17: 1 | ALK17: 1 | ALL17: 4 | ALM17: 2 | ALN17: 1 | ALO17: 2 | ALP17: 1 | ALQ17: 1 | ALR17: 1 | ALS17: 1 | ALT17: 3 | ALU17: 1 | ALV17: 1 | ALW17: 3 | ALX17: 1 | ALY17: 3 | AMA17: 1 | AMB17: 3 | AMC17: 3 | AMD17: 2 | AME17: 3 | AMF17: 3 | AMG17: 2 | AMH17: 3 | AMI17: 2 | AMJ17: 2 | AMK17: 2 | AML17: 1 | AMM17: 2 | AMN17: 1 | AMO17: 1 | AMP17: 3 | AMQ17: 1 | AMR17: 1 | AMS17: 1 | AMT17: 1 | AMU17: 2 | AMV17: 2 | AMW17: 2 | AMX17: 1 | AMY17: 2 | AMZ17: 3 | ANA17: 2 | ANB17: 1 | ANC17: 2 | AND17: 2 | ANF17: 1 | ANG17: 3 | ANH17: 2 | ANI17: 4 | ANJ17: 4 | ANK17: 3 | ANL17: 4 | ANM17: 5 | ANN17: 1 | ANO17: 2 | ANP17: 4 | ANQ17: 4 | ANR17: 1 | ANS17: 1 | ANT17: 4 | ANU17: 1 | ANV17: 1 | ANW17: 1 | ANX17: 1 | ANY17: 2 | ANZ17: 2 | AOA17: 3 | AOB17: 5 | AOC17: 3 | AOD17: 2 | AOE17: 2 | AOF17: 1 | AOG17: 3 | AOH17: 1 | AOI17: 1 | AOK17: 2 | AOL17: 3 | AOM17: 3 | AON17: 2 | AOO17: 3 | AOP17: 3 | AOQ17: 3 | AOR17: 3 | AOS17: 2 | AOT17: 3 | AOU17: 4 | AOV17: 2 | AOW17: 1 | AOX17: 2 | AOY17: 2 | AOZ17: 3 | APA17: 1 | APB17: 3 | APC17: 3 | APD17: 3 | APE17: 3 | APF17: 3 | APG17: 2 | APH17: 2 | API17: 3 | APJ17: 2 | APK17: 3 | APL17: 2 | APM17: 3 | APN17: 3
A18: Group Average | E18: =AVERAGE(E17) -> 3 | F18: =AVERAGE(F17) -> 3 | G18: =AVERAGE(G17) -> 2 | H18: =AVERAGE(H17) -> 3 | I18: =AVERAGE(I17) -> 2 | J18: =AVERAGE(J17) -> 2 | K18: =AVERAGE(K17) -> 2 | L18: =AVERAGE(L17) -> 2 | ... AK18: =AVERAGE(AK17) -> 1 | AM18: =AVERAGE(AM17) -> 3 | AN18: =AVERAGE(AN17) -> 4 | AO18: =AVERAGE(AO17) -> 3 | AP18: =AVERAGE(AP17) -> 4 | AQ18: =AVERAGE(AQ17) -> 3 | AR18: =AVERAGE(AR17) -> 3 | AS18: =AVERAGE(AS17) -> 3 | AT18: =AVERAGE(AT17) -> 3 | ... BS18: =AVERAGE(BS17) -> 3 | BU18: =AVERAGE(BU17) -> 1 | BV18: =AVERAGE(BV17) -> 4 | BW18: =AVERAGE(BW17) -> 3 | BX18: =AVERAGE(BX17) -> 5 | BY18: =AVERAGE(BY17) -> 3 | BZ18: =AVERAGE(BZ17) -> 3 | CA18: =AVERAGE(CA17) -> 3 | CB18: =AVERAGE(CB17) -> 3 | ... DA18: =AVERAGE(DA17) -> 5 | DC18: =AVERAGE(DC17) -> 1 | DD18: =AVERAGE(DD17) -> 3 | DE18: =AVERAGE(DE17) -> 2 | DF18: =AVERAGE(DF17) -> 4 | DG18: =AVERAGE(DG17) -> 3 | DH18: =AVERAGE(DH17) -> 3 | DI18: =AVERAGE(DI17) -> 3 | DJ18: =AVERAGE(DJ17) -> 4 | ... EI18: =AVERAGE(EI17) -> 3 | EK18: =AVERAGE(EK17) -> 1 | EL18: =AVERAGE(EL17) -> 3 | EM18: =AVERAGE(EM17) -> 3 | EN18: =AVERAGE(EN17) -> 4 | EO18: =AVERAGE(EO17) -> 4 | EP18: =AVERAGE(EP17) -> 3 | EQ18: =AVERAGE(EQ17) -> 4 | ER18: =AVERAGE(ER17) -> 4 | ... FQ18: =AVERAGE(FQ17) -> 4 | FS18: =AVERAGE(FS17) -> 1 | FT18: =AVERAGE(FT17) -> 4 | FU18: =AVERAGE(FU17) -> 3 | FV18: =AVERAGE(FV17) -> 4 | FW18: =AVERAGE(FW17) -> 3 | FX18: =AVERAGE(FX17) -> 3 | FY18: =AVERAGE(FY17) -> 4 | FZ18: =AVERAGE(FZ17) -> 3 | ... GY18: =AVERAGE(GY17) -> 3 | HA18: =AVERAGE(HA17) -> 1 | HB18: =AVERAGE(HB17) -> 4 | HC18: =AVERAGE(HC17) -> 4 | HD18: =AVERAGE(HD17) -> 3 | HE18: =AVERAGE(HE17) -> 4 | HF18: =AVERAGE(HF17) -> 4 | HG18: =AVERAGE(HG17) -> 4 | HH18: =AVERAGE(HH17) -> 3 | ... ID18: =AVERAGE(ID17) -> 1 | IF18: =AVERAGE(IF17) -> 1 | IG18: =AVERAGE(IG17) -> 3 | IH18: =AVERAGE(IH17) -> 4 | II18: =AVERAGE(II17) -> 3 | IJ18: =AVERAGE(IJ17) -> 3 | IK18: =AVERAGE(IK17) -> 4 | IL18: =AVERAGE(IL17) -> 4 | IM18: =AVERAGE(IM17) -> 4 | ... JI18: =AVERAGE(JI17) -> 3 | JK18: =AVERAGE(JK17) -> 1 | JL18: =AVERAGE(JL17) -> 3 | JM18: =AVERAGE(JM17) -> 3 | JN18: =AVERAGE(JN17) -> 3 | JO18: =AVERAGE(JO17) -> 3 | JP18: =AVERAGE(JP17) -> 3 | JQ18: =AVERAGE(JQ17) -> 3 | JR18: =AVERAGE(JR17) -> 3 | ... KN18: =AVERAGE(KN17) -> 1 | KP18: =AVERAGE(KP17) -> 2 | KQ18: =AVERAGE(KQ17) -> 3 | KR18: =AVERAGE(KR17) -> 3 | KS18: =AVERAGE(KS17) -> 4 | KT18: =AVERAGE(KT17) -> 2 | KU18: =AVERAGE(KU17) -> 4 | KV18: =AVERAGE(KV17) -> 3 | KW18: =AVERAGE(KW17) -> 3 | ... LS18: =AVERAGE(LS17) -> 4 | LU18: =AVERAGE(LU17) -> 1 | LV18: =AVERAGE(LV17) -> 3 | LW18: =AVERAGE(LW17) -> 4 | LX18: =AVERAGE(LX17) -> 3 | LY18: =AVERAGE(LY17) -> 4 | LZ18: =AVERAGE(LZ17) -> 3 | MA18: =AVERAGE(MA17) -> 3 | MB18: =AVERAGE(MB17) -> 4 | ... MX18: =AVERAGE(MX17) -> 3 | MZ18: =AVERAGE(MZ17) -> 1 | NA18: =AVERAGE(NA17) -> 3 | NB18: =AVERAGE(NB17) -> 3 | NC18: =AVERAGE(NC17) -> 3 | ND18: =AVERAGE(ND17) -> 3 | NE18: =AVERAGE(NE17) -> 3 | NF18: =AVERAGE(NF17) -> 3 | NG18: =AVERAGE(NG17) -> 3 | ... OC18: =AVERAGE(OC17) -> 3 | OE18: =AVERAGE(OE17) -> 1 | OF18: =AVERAGE(OF17) -> 3 | OG18: =AVERAGE(OG17) -> 3 | OH18: =AVERAGE(OH17) -> 3 | OI18: =AVERAGE(OI17) -> 3 | OJ18: =AVERAGE(OJ17) -> 3 | OK18: =AVERAGE(OK17) -> 3 | OL18: =AVERAGE(OL17) -> 3 | ... PH18: =AVERAGE(PH17) -> 2 | PJ18: =AVERAGE(PJ17) -> 3 | PK18: =AVERAGE(PK17) -> 4 | PL18: =AVERAGE(PL17) -> 4 | PM18: =AVERAGE(PM17) -> 3 | PN18: =AVERAGE(PN17) -> 4 | PO18: =AVERAGE(PO17) -> 1 | PP18: =AVERAGE(PP17) -> 3 | PQ18: =AVERAGE(PQ17) -> 4 | ... QM18: =AVERAGE(QM17) -> 4 | QO18: =AVERAGE(QO17) -> 1 | QP18: =AVERAGE(QP17) -> 3 | QQ18: =AVERAGE(QQ17) -> 3 | QR18: =AVERAGE(QR17) -> 3 | QS18: =AVERAGE(QS17) -> 3 | QT18: =AVERAGE(QT17) -> 3 | QU18: =AVERAGE(QU17) -> 3 | QV18: =AVERAGE(QV17) -> 3 | ... RR18: =AVERAGE(RR17) -> 2 | RT18: =AVERAGE(RT17) -> 2 | RU18: =AVERAGE(RU17) -> 3 | RV18: =AVERAGE(RV17) -> 2 | RW18: =AVERAGE(RW17) -> 1 | RX18: =AVERAGE(RX17) -> 3 | RY18: =AVERAGE(RY17) -> 3 | RZ18: =AVERAGE(RZ17) -> 3 | SA18: =AVERAGE(SA17) -> 3 | ... SW18: =AVERAGE(SW17) -> 3 | SY18: =AVERAGE(SY17) -> 1 | SZ18: =AVERAGE(SZ17) -> 4 | TA18: =AVERAGE(TA17) -> 4 | TB18: =AVERAGE(TB17) -> 4 | TC18: =AVERAGE(TC17) -> 4 | TD18: =AVERAGE(TD17) -> 4 | TE18: =AVERAGE(TE17) -> 4 | TF18: =AVERAGE(TF17) -> 4 | ... UB18: =AVERAGE(UB17) -> 1 | UD18: =AVERAGE(UD17) -> 1 | UE18: =AVERAGE(UE17) -> 3 | UF18: =AVERAGE(UF17) -> 3 | UG18: =AVERAGE(UG17) -> 3 | UH18: =AVERAGE(UH17) -> 4 | UI18: =AVERAGE(UI17) -> 3 | UJ18: =AVERAGE(UJ17) -> 3 | UK18: =AVERAGE(UK17) -> 4 | ... VG18: =AVERAGE(VG17) -> 3 | VI18: =AVERAGE(VI17) -> 1 | VJ18: =AVERAGE(VJ17) -> 3 | VK18: =AVERAGE(VK17) -> 3 | VL18: =AVERAGE(VL17) -> 3 | VM18: =AVERAGE(VM17) -> 3 | VN18: =AVERAGE(VN17) -> 3 | VO18: =AVERAGE(VO17) -> 2 | VP18: =AVERAGE(VP17) -> 3 | ... WL18: =AVERAGE(WL17) -> 1 | WN18: =AVERAGE(WN17) -> 1 | WO18: =AVERAGE(WO17) -> 3 | WP18: =AVERAGE(WP17) -> 3 | WQ18: =AVERAGE(WQ17) -> 3 | WR18: =AVERAGE(WR17) -> 3 | WS18: =AVERAGE(WS17) -> 3 | WT18: =AVERAGE(WT17) -> 3 | WU18: =AVERAGE(WU17) -> 3 | ... XQ18: =AVERAGE(XQ17) -> 2 | XS18: =AVERAGE(XS17) -> 1 | XT18: =AVERAGE(XT17) -> 2 | XU18: =AVERAGE(XU17) -> 3 | XV18: =AVERAGE(XV17) -> 2 | XW18: =AVERAGE(XW17) -> 3 | XX18: =AVERAGE(XX17) -> 4 | XY18: =AVERAGE(XY17) -> 2 | XZ18: =AVERAGE(XZ17) -> 4 | ... YV18: =AVERAGE(YV17) -> 1 | YX18: =AVERAGE(YX17) -> 1 | YY18: =AVERAGE(YY17) -> 2 | YZ18: =AVERAGE(YZ17) -> 2 | ZA18: =AVERAGE(ZA17) -> 2 | ZB18: =AVERAGE(ZB17) -> 2 | ZC18: =AVERAGE(ZC17) -> 2 | ZD18: =AVERAGE(ZD17) -> 2 | ZE18: =AVERAGE(ZE17) -> 2 | ... AAA18: =AVERAGE(AAA17) -> 4 | AAC18: =AVERAGE(AAC17) -> 1 | AAD18: =AVERAGE(AAD17) -> 3 | AAE18: =AVERAGE(AAE17) -> 4 | AAF18: =AVERAGE(AAF17) -> 3 | AAG18: =AVERAGE(AAG17) -> 3 | AAH18: =AVERAGE(AAH17) -> 3 | AAI18: =AVERAGE(AAI17) -> 3 | AAJ18: =AVERAGE(AAJ17) -> 3 | ... ABF18: =AVERAGE(ABF17) -> 4 | ABH18: =AVERAGE(ABH17) -> 1 | ABI18: =AVERAGE(ABI17) -> 4 | ABJ18: =AVERAGE(ABJ17) -> 2 | ABK18: =AVERAGE(ABK17) -> 4 | ABL18: =AVERAGE(ABL17) -> 2 | ABM18: =AVERAGE(ABM17) -> 4 | ABN18: =AVERAGE(ABN17) -> 4 | ABO18: =AVERAGE(ABO17) -> 4 | ... ACK18: =AVERAGE(ACK17) -> 2 | ACM18: =AVERAGE(ACM17) -> 1 | ACN18: =AVERAGE(ACN17) -> 4 | ACO18: =AVERAGE(ACO17) -> 3 | ACP18: =AVERAGE(ACP17) -> 5 | ACQ18: =AVERAGE(ACQ17) -> 3 | ACR18: =AVERAGE(ACR17) -> 4 | ACS18: =AVERAGE(ACS17) -> 1 | ACT18: =AVERAGE(ACT17) -> 4 | ... ADP18: =AVERAGE(ADP17) -> 2 | ADR18: =AVERAGE(ADR17) -> 1 | ADS18: =AVERAGE(ADS17) -> 3 | ADT18: =AVERAGE(ADT17) -> 4 | ADU18: =AVERAGE(ADU17) -> 3 | ADV18: =AVERAGE(ADV17) -> 3 | ADW18: =AVERAGE(ADW17) -> 3 | ADX18: =AVERAGE(ADX17) -> 4 | ADY18: =AVERAGE(ADY17) -> 1 | ... AEU18: =AVERAGE(AEU17) -> 1 | AEW18: =AVERAGE(AEW17) -> 1 | AEX18: =AVERAGE(AEX17) -> 4 | AEY18: =AVERAGE(AEY17) -> 3 | AEZ18: =AVERAGE(AEZ17) -> 4 | AFA18: =AVERAGE(AFA17) -> 4 | AFB18: =AVERAGE(AFB17) -> 4 | AFC18: =AVERAGE(AFC17) -> 4 | AFD18: =AVERAGE(AFD17) -> 4 | ... AFZ18: =AVERAGE(AFZ17) -> 3 | AGB18: =AVERAGE(AGB17) -> 2 | AGC18: =AVERAGE(AGC17) -> 3 | AGD18: =AVERAGE(AGD17) -> 2 | AGE18: =AVERAGE(AGE17) -> 4 | AGF18: =AVERAGE(AGF17) -> 2 | AGG18: =AVERAGE(AGG17) -> 3 | AGH18: =AVERAGE(AGH17) -> 3 | AGI18: =AVERAGE(AGI17) -> 4 | ... AHE18: =AVERAGE(AHE17) -> 4 | AHG18: =AVERAGE(AHG17) -> 1 | AHH18: =AVERAGE(AHH17) -> 3 | AHI18: =AVERAGE(AHI17) -> 4 | AHJ18: =AVERAGE(AHJ17) -> 4 | AHK18: =AVERAGE(AHK17) -> 3 | AHL18: =AVERAGE(AHL17) -> 3 | AHM18: =AVERAGE(AHM17) -> 3 | AHN18: =AVERAGE(AHN17) -> 4 | ... AIJ18: =AVERAGE(AIJ17) -> 3 | AIL18: =AVERAGE(AIL17) -> 1 | AIM18: =AVERAGE(AIM17) -> 4 | AIN18: =AVERAGE(AIN17) -> 4 | AIO18: =AVERAGE(AIO17) -> 1 | AIP18: =AVERAGE(AIP17) -> 1 | AIQ18: =AVERAGE(AIQ17) -> 4 | AIR18: =AVERAGE(AIR17) -> 4 | AIS18: =AVERAGE(AIS17) -> 3 | ... AJO18: =AVERAGE(AJO17) -> 3 | AJQ18: =AVERAGE(AJQ17) -> 1 | AJR18: =AVERAGE(AJR17) -> 3 | AJS18: =AVERAGE(AJS17) -> 3 | AJT18: =AVERAGE(AJT17) -> 4 | AJU18: =AVERAGE(AJU17) -> 4 | AJV18: =AVERAGE(AJV17) -> 3 | AJW18: =AVERAGE(AJW17) -> 1 | AJX18: =AVERAGE(AJX17) -> 3 | ... AKT18: =AVERAGE(AKT17) -> 1 | AKV18: =AVERAGE(AKV17) -> 1 | AKW18: =AVERAGE(AKW17) -> 3 | AKX18: =AVERAGE(AKX17) -> 3 | AKY18: =AVERAGE(AKY17) -> 3 | AKZ18: =AVERAGE(AKZ17) -> 3 | ALA18: =AVERAGE(ALA17) -> 3 | ALB18: =AVERAGE(ALB17) -> 3 | ALC18: =AVERAGE(ALC17) -> 3 | ... ALY18: =AVERAGE(ALY17) -> 3 | AMA18: =AVERAGE(AMA17) -> 1 | AMB18: =AVERAGE(AMB17) -> 3 | AMC18: =AVERAGE(AMC17) -> 3 | AMD18: =AVERAGE(AMD17) -> 2 | AME18: =AVERAGE(AME17) -> 3 | AMF18: =AVERAGE(AMF17) -> 3 | AMG18: =AVERAGE(AMG17) -> 2 | AMH18: =AVERAGE(AMH17) -> 3 | ... AND18: =AVERAGE(AND17) -> 2 | ANF18: =AVERAGE(ANF17) -> 1 | ANG18: =AVERAGE(ANG17) -> 3 | ANH18: =AVERAGE(ANH17) -> 2 | ANI18: =AVERAGE(ANI17) -> 4 | ANJ18: =AVERAGE(ANJ17) -> 4 | ANK18: =AVERAGE(ANK17) -> 3 | ANL18: =AVERAGE(ANL17) -> 4 | ANM18: =AVERAGE(ANM17) -> 5 | ... AOI18: =AVERAGE(AOI17) -> 1 | AOK18: =AVERAGE(AOK17) -> 2 | AOL18: =AVERAGE(AOL17) -> 3 | AOM18: =AVERAGE(AOM17) -> 3 | AON18: =AVERAGE(AON17) -> 2 | AOO18: =AVERAGE(AOO17) -> 3 | AOP18: =AVERAGE(AOP17) -> 3 | AOQ18: =AVERAGE(AOQ17) -> 3 | AOR18: =AVERAGE(AOR17) -> 3 | ... APN18: =AVERAGE(APN17) -> 3
A20: R_9illhJxHEZ3XlRQ | B20: NewsWeavers | C20: 8813 | E20: 1 | F20: 4 | G20: 4 | H20: 4 | I20: 4 | J20: 4 | K20: 4 | L20: 4 | M20: 4 | N20: 4 | O20: 4 | P20: 2 | Q20: 3 | R20: 1 | S20: 3 | T20: 1 | U20: 1 | V20: 1 | W20: 1 | X20: 1 | Y20: 2 | Z20: 1 | AA20: 2 | AB20: 1 | AC20: 1 | AD20: 1 | AE20: 2 | AF20: 2 | AG20: 1 | AH20: 2 | AI20: 1 | AJ20: 1 | AK20: 1 | AM20: 2 | AN20: 4 | AO20: 4 | AP20: 4 | AQ20: 4 | AR20: 4 | AS20: 4 | AT20: 4 | AU20: 4 | AV20: 4 | AW20: 4 | AX20: 2 | AY20: 4 | AZ20: 3 | BA20: 4 | BB20: 4 | BC20: 2 | BD20: 4 | BE20: 2 | BF20: 2 | BG20: 4 | BH20: 4 | BI20: 2 | BJ20: 4 | BK20: 4 | BL20: 2 | BM20: 3 | BN20: 2 | BO20: 3 | BP20: 4 | BQ20: 3 | BR20: 3 | BS20: 3 | BU20: 1 | BV20: 2 | BW20: 2 | BX20: 3 | BY20: 2 | BZ20: 3 | CA20: 2 | CB20: 2 | CC20: 2 | CD20: 3 | CE20: 3 | CF20: 1 | CG20: 3 | CH20: 1 | CI20: 4 | CJ20: 2 | CK20: 1 | CL20: 1 | CM20: 1 | CN20: 2 | CO20: 2 | CP20: 2 | CQ20: 2 | CR20: 2 | CS20: 2 | CT20: 3 | CU20: 4 | CV20: 3 | CW20: 4 | CX20: 2 | CY20: 4 | CZ20: 4 | DA20: 4 | DC20: 1 | DD20: 3 | DE20: 4 | DF20: 3 | DG20: 3 | DH20: 3 | DI20: 4 | DJ20: 3 | DK20: 4 | DL20: 4 | DM20: 4 | DN20: 4 | DO20: 2 | DP20: 2 | DQ20: 3 | DR20: 2 | DS20: 3 | DT20: 2 | DU20: 3 | DV20: 2 | DW20: 3 | DX20: 4 | DY20: 4 | DZ20: 3 | EA20: 3 | EB20: 3 | EC20: 3 | ED20: 3 | EE20: 4 | EF20: 4 | EG20: 3 | EH20: 3 | EI20: 3 | EK20: 1 | EL20: 3 | EM20: 3 | EN20: 4 | EO20: 4 | EP20: 3 | EQ20: 3 | ER20: 4 | ES20: 5 | ET20: 3 | EU20: 3 | EV20: 1 | EW20: 2 | EX20: 1 | EY20: 1 | EZ20: 1 | FA20: 1 | FB20: 3 | FC20: 1 | FD20: 3 | FE20: 2 | FF20: 2 | FG20: 2 | FH20: 1 | FI20: 1 | FJ20: 2 | FK20: 3 | FL20: 2 | FM20: 5 | FN20: 1 | FO20: 4 | FP20: 4 | FQ20: 5 | FS20: 1 | FT20: 4 | FU20: 4 | FV20: 4 | FW20: 4 | FX20: 4 | FY20: 3 | FZ20: 4 | GA20: 4 | GB20: 2 | GC20: 3 | GD20: 2 | GE20: 1 | GF20: 2 | GG20: 3 | GH20: 1 | GI20: 3 | GJ20: 3 | GK20: 1 | GL20: 1 | GM20: 1 | GN20: 1 | GO20: 3 | GP20: 4 | GQ20: 4 | GR20: 4 | GS20: 4 | GT20: 3 | GU20: 4 | GV20: 4 | GW20: 4 | GX20: 4 | GY20: 4 | HA20: 3 | HB20: 3 | HC20: 3 | HD20: 3 | HE20: 3 | HF20: 3 | HG20: 3 | HH20: 2 | HI20: 2 | HJ20: 3 | HK20: 3 | HL20: 2 | HM20: 2 | HN20: 2 | HO20: 2 | HP20: 1 | HQ20: 1 | HR20: 1 | HS20: 1 | HT20: 1 | HU20: 4 | HV20: 3 | HW20: 2 | HX20: 3 | HY20: 3 | HZ20: 1 | IA20: 1 | IB20: 2 | IC20: 2 | ID20: 3 | IF20: 1 | IG20: 2 | IH20: 3 | II20: 3 | IJ20: 1 | IK20: 2 | IL20: 3 | IM20: 3 | IN20: 1 | IO20: 1 | IP20: 1 | IQ20: 2 | IR20: 2 | IS20: 3 | IT20: 1 | IU20: 1 | IV20: 2 | IW20: 3 | IX20: 3 | IY20: 2 | IZ20: 5 | JA20: 1 | JB20: 3 | JC20: 1 | JD20: 1 | JE20: 1 | JF20: 1 | JG20: 2 | JH20: 1 | JI20: 1 | JK20: 2 | JL20: 4 | JM20: 4 | JN20: 4 | JO20: 4 | JP20: 4 | JQ20: 4 | JR20: 4 | JS20: 4 | JT20: 3 | JU20: 4 | JV20: 2 | JW20: 2 | JX20: 1 | JY20: 2 | JZ20: 2 | KA20: 2 | KB20: 2 | KC20: 2 | KD20: 2 | KE20: 4 | KF20: 2 | KG20: 4 | KH20: 4 | KI20: 2 | KJ20: 2 | KK20: 5 | KL20: 3 | KM20: 2 | KN20: 2 | KP20: 2 | KQ20: 3 | KR20: 3 | KS20: 3 | KT20: 3 | KU20: 3 | KV20: 3 | KW20: 3 | KX20: 5 | KY20: 3 | KZ20: 3 | LA20: 3 | LB20: 2 | LC20: 2 | LD20: 1 | LE20: 2 | LF20: 3 | LG20: 2 | LH20: 2 | LI20: 2 | LJ20: 3 | LK20: 4 | LL20: 1 | LM20: 3 | LN20: 4 | LO20: 2 | LP20: 2 | LQ20: 1 | LR20: 3 | LS20: 4 | LU20: 1 | LV20: 3 | LW20: 3 | LX20: 2 | LY20: 3 | LZ20: 3 | MA20: 3 | MB20: 3 | MC20: 3 | MD20: 2 | ME20: 2 | MF20: 2 | MG20: 1 | MH20: 2 | MI20: 2 | MJ20: 4 | MK20: 2 | ML20: 2 | MM20: 2 | MN20: 2 | MO20: 3 | MP20: 1 | MQ20: 4 | MR20: 3 | MS20: 4 | MT20: 1 | MU20: 2 | MV20: 3 | MW20: 2 | MX20: 5 | MZ20: 4 | NA20: 2 | NB20: 2 | NC20: 2 | ND20: 2 | NE20: 2 | NF20: 2 | NG20: 2 | NH20: 2 | NI20: 2 | NJ20: 2 | NK20: 1 | NL20: 2 | NM20: 1 | NN20: 2 | NO20: 2 | NP20: 2 | NQ20: 4 | NR20: 4 | NS20: 4 | NT20: 3 | NU20: 2 | NV20: 1 | NW20: 2 | NX20: 3 | NY20: 1 | NZ20: 3 | OA20: 1 | OB20: 4 | OC20: 3 | OE20: 3 | OF20: 3 | OG20: 3 | OH20: 3 | OI20: 3 | OJ20: 3 | OK20: 3 | OL20: 3 | OM20: 3 | ON20: 3 | OO20: 3 | OP20: 3 | OQ20: 3 | OR20: 1 | OS20: 2 | OT20: 3 | OU20: 1 | OV20: 2 | OW20: 1 | OX20: 1 | OY20: 2 | OZ20: 2 | PA20: 3 | PB20: 4 | PC20: 3 | PD20: 1 | PE20: 3 | PF20: 3 | PG20: 3 | PH20: 3 | PJ20: 2 | PK20: 3 | PL20: 3 | PM20: 4 | PN20: 3 | PO20: 4 | PP20: 3 | PQ20: 4 | PR20: 3 | PS20: 3 | PT20: 3 | PU20: 1 | PV20: 1 | PW20: 1 | PX20: 2 | PY20: 3 | PZ20: 2 | QA20: 2 | QB20: 2 | QC20: 1 | QD20: 3 | QE20: 2 | QF20: 2 | QG20: 2 | QH20: 2 | QI20: 2 | QJ20: 4 | QK20: 2 | QL20: 4 | QM20: 3 | QO20: 1 | QP20: 4 | QQ20: 4 | QR20: 4 | QS20: 3 | QT20: 4 | QU20: 4 | QV20: 2 | QW20: 4 | QX20: 4 | QY20: 3 | QZ20: 3 | RA20: 4 | RB20: 3 | RC20: 4 | RD20: 2 | RE20: 4 | RF20: 1 | RG20: 2 | RH20: 1 | RI20: 3 | RJ20: 4 | RK20: 3 | RL20: 3 | RM20: 4 | RN20: 1 | RO20: 2 | RP20: 2 | RQ20: 4 | RR20: 4 | RT20: 1 | RU20: 1 | RV20: 1 | RW20: 1 | RX20: 3 | RY20: 1 | RZ20: 1 | SA20: 1 | SB20: 1 | SC20: 1 | SD20: 1 | SE20: 2 | SF20: 1 | SG20: 1 | SH20: 2 | SI20: 4 | SJ20: 1 | SK20: 1 | SL20: 1 | SM20: 1 | SN20: 4 | SO20: 3 | SP20: 1 | SQ20: 3 | SR20: 2 | SS20: 1 | ST20: 1 | SU20: 1 | SV20: 1 | SW20: 1 | SY20: 1 | SZ20: 4 | TA20: 3 | TB20: 3 | TC20: 3 | TD20: 4 | TE20: 3 | TF20: 3 | TG20: 3 | TH20: 3 | TI20: 3 | TJ20: 4 | TK20: 2 | TL20: 1 | TM20: 3 | TN20: 2 | TO20: 1 | TP20: 2 | TQ20: 2 | TR20: 2 | TS20: 3 | TT20: 2 | TU20: 2 | TV20: 4 | TW20: 3 | TX20: 1 | TY20: 3 | TZ20: 1 | UA20: 3 | UB20: 3 | UD20: 2 | UE20: 2 | UF20: 2 | UG20: 2 | UH20: 2 | UI20: 2 | UJ20: 2 | UK20: 2 | UL20: 2 | UM20: 2 | UN20: 2 | UO20: 2 | UP20: 3 | UQ20: 2 | UR20: 2 | US20: 3 | UT20: 4 | UU20: 2 | UV20: 3 | UW20: 3 | UX20: 2 | UY20: 2 | UZ20: 4 | VA20: 2 | VB20: 3 | VC20: 1 | VD20: 2 | VE20: 3 | VF20: 2 | VG20: 4 | VI20: 4 | VJ20: 2 | VK20: 4 | VL20: 3 | VM20: 3 | VN20: 3 | VO20: 3 | VP20: 3 | VQ20: 3 | VR20: 2 | VS20: 4 | VT20: 3 | VU20: 2 | VV20: 2 | VW20: 2 | VX20: 2 | VY20: 3 | VZ20: 2 | WA20: 3 | WB20: 2 | WC20: 3 | WD20: 2 | WE20: 4 | WF20: 2 | WG20: 4 | WH20: 2 | WI20: 2 | WJ20: 1 | WK20: 3 | WL20: 4 | WN20: 1 | WO20: 4 | WP20: 5 | WQ20: 4 | WR20: 5 | WS20: 4 | WT20: 5 | WU20: 4 | WV20: 5 | WW20: 3 | WX20: 4 | WY20: 1 | WZ20: 1 | XA20: 1 | XB20: 1 | XC20: 2 | XD20: 3 | XE20: 3 | XF20: 3 | XG20: 3 | XH20: 2 | XI20: 1 | XJ20: 2 | XK20: 2 | XL20: 2 | XM20: 1 | XN20: 4 | XO20: 1 | XP20: 3 | XQ20: 3 | XS20: 1 | XT20: 3 | XU20: 4 | XV20: 4 | XW20: 4 | XX20: 4 | XY20: 4 | XZ20: 4 | YA20: 3 | YB20: 4 | YC20: 4 | YD20: 3 | YE20: 4 | YF20: 3 | YG20: 3 | YH20: 3 | YI20: 4 | YJ20: 3 | YK20: 4 | YL20: 3 | YM20: 4 | YN20: 4 | YO20: 4 | YP20: 4 | YQ20: 3 | YR20: 2 | YS20: 3 | YT20: 2 | YU20: 3 | YV20: 4 | YX20: 1 | YY20: 4 | YZ20: 4 | ZA20: 4 | ZB20: 4 | ZC20: 4 | ZD20: 4 | ZE20: 4 | ZF20: 4 | ZG20: 3 | ZH20: 4 | ZI20: 1 | ZJ20: 1 | ZK20: 1 | ZL20: 2 | ZM20: 1 | ZN20: 2 | ZO20: 5 | ZP20: 5 | ZQ20: 5 | ZR20: 4 | ZS20: 2 | ZT20: 3 | ZU20: 2 | ZV20: 2 | ZW20: 5 | ZX20: 5 | ZY20: 4 | ZZ20: 4 | AAA20: 2 | AAC20: 1 | AAD20: 5 | AAE20: 5 | AAF20: 3 | AAG20: 5 | AAH20: 4 | AAI20: 5 | AAJ20: 4 | AAK20: 4 | AAL20: 4 | AAM20: 5 | AAN20: 3 | AAO20: 4 | AAP20: 4 | AAQ20: 2 | AAR20: 2 | AAS20: 2 | AAT20: 5 | AAU20: 5 | AAV20: 5 | AAW20: 3 | AAX20: 2 | AAY20: 5 | AAZ20: 4 | ABA20: 5 | ABB20: 3 | ABC20: 3 | ABD20: 5 | ABE20: 5 | ABF20: 3 | ABH20: 1 | ABI20: 3 | ABJ20: 3 | ABK20: 4 | ABL20: 5 | ABM20: 4 | ABN20: 5 | ABO20: 4 | ABP20: 4 | ABQ20: 3 | ABR20: 5 | ABS20: 3 | ABT20: 2 | ABU20: 3 | ABV20: 2 | ABW20: 3 | ABX20: 3 | ABY20: 3 | ABZ20: 3 | ACA20: 4 | ACB20: 5 | ACC20: 3 | ACD20: 5 | ACE20: 3 | ACF20: 4 | ACG20: 1 | ACH20: 3 | ACI20: 3 | ACJ20: 2 | ACK20: 3 | ACM20: 1 | ACN20: 4 | ACO20: 4 | ACP20: 4 | ACQ20: 4 | ACR20: 4 | ACS20: 4 | ACT20: 4 | ACU20: 4 | ACV20: 4 | ACW20: 4 | ACX20: 1 | ACY20: 1 | ACZ20: 4 | ADA20: 3 | ADB20: 4 | ADC20: 4 | ADD20: 1 | ADE20: 1 | ADF20: 1 | ADG20: 2 | ADH20: 2 | ADI20: 3 | ADJ20: 4 | ADK20: 4 | ADL20: 3 | ADM20: 4 | ADN20: 4 | ADO20: 4 | ADP20: 5 | ADR20: 3 | ADS20: 3 | ADT20: 4 | ADU20: 3 | ADV20: 4 | ADW20: 4 | ADX20: 3 | ADY20: 4 | ADZ20: 4 | AEA20: 2 | AEB20: 4 | AEC20: 3 | AED20: 3 | AEE20: 2 | AEF20: 3 | AEG20: 2 | AEH20: 3 | AEI20: 1 | AEJ20: 3 | AEK20: 1 | AEL20: 3 | AEM20: 2 | AEN20: 2 | AEO20: 1 | AEP20: 3 | AEQ20: 2 | AER20: 3 | AES20: 2 | AET20: 3 | AEU20: 2 | AEW20: 1 | AEX20: 2 | AEY20: 3 | AEZ20: 2 | AFA20: 2 | AFB20: 2 | AFC20: 2 | AFD20: 2 | AFE20: 2 | AFF20: 2 | AFG20: 2 | AFH20: 1 | AFI20: 1 | AFJ20: 1 | AFK20: 3 | AFL20: 3 | AFM20: 4 | AFN20: 3 | AFO20: 1 | AFP20: 1 | AFQ20: 2 | AFR20: 1 | AFS20: 2 | AFT20: 3 | AFU20: 2 | AFV20: 1 | AFW20: 1 | AFX20: 2 | AFY20: 1 | AFZ20: 2 | AGB20: 3 | AGC20: 4 | AGD20: 2 | AGE20: 4 | AGF20: 4 | AGG20: 2 | AGH20: 4 | AGI20: 4 | AGJ20: 3 | AGK20: 4 | AGL20: 4 | AGM20: 1 | AGN20: 2 | AGO20: 1 | AGP20: 1 | AGQ20: 3 | AGR20: 3 | AGS20: 2 | AGT20: 2 | AGU20: 1 | AGV20: 3 | AGW20: 1 | AGX20: 4 | AGY20: 2 | AGZ20: 2 | AHA20: 3 | AHB20: 3 | AHC20: 1 | AHD20: 2 | AHE20: 3 | AHG20: 1 | AHH20: 3 | AHI20: 3 | AHJ20: 4 | AHK20: 4 | AHL20: 4 | AHM20: 3 | AHN20: 4 | AHO20: 3 | AHP20: 3 | AHQ20: 4 | AHR20: 2 | AHS20: 3 | AHT20: 1 | AHU20: 3 | AHV20: 3 | AHW20: 3 | AHX20: 2 | AHY20: 2 | AHZ20: 2 | AIA20: 2 | AIB20: 2 | AIC20: 2 | AID20: 2 | AIE20: 3 | AIF20: 1 | AIG20: 2 | AIH20: 2 | AII20: 2 | AIJ20: 3 | AIL20: 2 | AIM20: 3 | AIN20: 3 | AIO20: 2 | AIP20: 2 | AIQ20: 3 | AIR20: 3 | AIS20: 3 | AIT20: 4 | AIU20: 4 | AIV20: 3 | AIW20: 2 | AIX20: 3 | AIY20: 1 | AIZ20: 1 | AJA20: 3 | AJB20: 3 | AJC20: 3 | AJD20: 1 | AJE20: 2 | AJF20: 3 | AJG20: 3 | AJH20: 1 | AJI20: 2 | AJJ20: 3 | AJK20: 1 | AJL20: 3 | AJM20: 1 | AJN20: 3 | AJO20: 2 | AJQ20: 2 | AJR20: 3 | AJS20: 3 | AJT20: 2 | AJU20: 2 | AJV20: 3 | AJW20: 3 | AJX20: 2 | AJY20: 3 | AJZ20: 2 | AKA20: 3 | AKB20: 2 | AKC20: 2 | AKD20: 2 | AKE20: 2 | AKF20: 4 | AKG20: 2 | AKH20: 1 | AKI20: 2 | AKJ20: 2 | AKK20: 2 | AKL20: 2 | AKM20: 3 | AKN20: 3 | AKO20: 2 | AKP20: 2 | AKQ20: 2 | AKR20: 2 | AKS20: 1 | AKT20: 2 | AKV20: 1 | AKW20: 5 | AKX20: 5 | AKY20: 5 | AKZ20: 5 | ALA20: 5 | ALB20: 5 | ALC20: 5 | ALD20: 5 | ALE20: 3 | ALF20: 5 | ALG20: 1 | ALH20: 3 | ALI20: 3 | ALJ20: 2 | ALK20: 1 | ALL20: 5 | ALM20: 1 | ALN20: 1 | ALO20: 1 | ALP20: 3 | ALQ20: 4 | ALR20: 3 | ALS20: 3 | ALT20: 3 | ALU20: 2 | ALV20: 2 | ALW20: 3 | ALX20: 2 | ALY20: 3 | AMA20: 1 | AMB20: 3 | AMC20: 4 | AMD20: 4 | AME20: 3 | AMF20: 4 | AMG20: 3 | AMH20: 3 | AMI20: 3 | AMJ20: 3 | AMK20: 4 | AML20: 1 | AMM20: 1 | AMN20: 2 | AMO20: 3 | AMP20: 3 | AMQ20: 1 | AMR20: 1 | AMS20: 2 | AMT20: 1 | AMU20: 3 | AMV20: 3 | AMW20: 3 | AMX20: 3 | AMY20: 3 | AMZ20: 3 | ANA20: 3 | ANB20: 2 | ANC20: 3 | AND20: 4 | ANF20: 1 | ANG20: 3 | ANH20: 3 | ANI20: 3 | ANJ20: 3 | ANK20: 4 | ANL20: 4 | ANM20: 4 | ANN20: 2 | ANO20: 2 | ANP20: 3 | ANQ20: 4 | ANR20: 1 | ANS20: 1 | ANT20: 4 | ANU20: 2 | ANV20: 3 | ANW20: 1 | ANX20: 2 | ANY20: 2 | ANZ20: 3 | AOA20: 2 | AOB20: 4 | AOC20: 2 | AOD20: 2 | AOE20: 1 | AOF20: 3 | AOG20: 3 | AOH20: 4 | AOI20: 3 | AOK20: 1 | AOL20: 4 | AOM20: 4 | AON20: 4 | AOO20: 4 | AOP20: 4 | AOQ20: 4 | AOR20: 4 | AOS20: 4 | AOT20: 4 | AOU20: 4 | AOV20: 3 | AOW20: 2 | AOX20: 2 | AOY20: 3 | AOZ20: 4 | APA20: 1 | APB20: 4 | APC20: 4 | APD20: 4 | APE20: 3 | APF20: 2 | APG20: 4 | APH20: 4 | API20: 4 | APJ20: 3 | APK20: 4 | APL20: 2 | APM20: 4 | APN20: 4
